sentence_index,sink_score,sentence_length,length_group,rank,hit@1,hit@5,hit@10,sim_pos,sim_neg_top1,sim_margin
0,0.7618095874786377,9,Medium (9-11),30,0,0,0,24.02242,26.861984,-2.8395634
1,0.8556542992591858,7,Short (<=8),1,1,1,1,33.473526,26.970827,6.502699
2,0.7173076868057251,11,Medium (9-11),1,1,1,1,37.115173,28.560595,8.554579
3,0.7387097477912903,9,Medium (9-11),6,0,0,1,27.154537,29.158665,-2.0041275
4,0.8904048204421997,11,Medium (9-11),1,1,1,1,29.056007,28.258959,0.79704857
5,0.8463339805603027,10,Medium (9-11),1,1,1,1,30.078947,29.44693,0.63201714
6,0.629233717918396,9,Medium (9-11),1,1,1,1,26.889315,26.314045,0.5752697
7,0.7248081564903259,9,Medium (9-11),2,0,1,1,27.525229,28.538544,-1.0133152
8,0.7405094504356384,12,Long (12-14),11,0,0,0,25.17099,28.286472,-3.1154823
9,0.7332317233085632,12,Long (12-14),2,0,1,1,28.39598,29.129446,-0.7334652
10,0.7921450734138489,11,Medium (9-11),1,1,1,1,29.61784,29.056263,0.56157684
11,0.8315607309341431,6,Short (<=8),47,0,0,0,24.789406,26.830685,-2.0412788
12,0.7438210248947144,10,Medium (9-11),15,0,0,0,26.102283,27.684462,-1.5821781
13,0.7874055504798889,6,Short (<=8),1,1,1,1,28.558796,28.526731,0.032064438
14,0.5651670694351196,20,Very Long (>14),1,1,1,1,30.161753,24.387589,5.774164
15,0.8210887312889099,18,Very Long (>14),14,0,0,0,25.717384,29.1144,-3.3970165
16,0.7890665531158447,11,Medium (9-11),6,0,0,1,27.14599,28.938276,-1.7922859
17,0.5617954730987549,14,Long (12-14),4,0,1,1,23.392511,26.106613,-2.7141018
18,0.7181428074836731,14,Long (12-14),7,0,0,1,25.085726,27.896088,-2.8103619
19,0.8177536129951477,7,Short (<=8),13,0,0,0,27.550503,29.392117,-1.8416138
20,0.7141118049621582,9,Medium (9-11),333,0,0,0,22.23642,26.513165,-4.276745
21,0.6119653582572937,19,Very Long (>14),2,0,1,1,25.998936,27.273857,-1.2749214
22,0.7809508442878723,7,Short (<=8),2,0,1,1,29.972279,30.675728,-0.70344925
23,0.7899826169013977,7,Short (<=8),5,0,1,1,28.348658,29.330093,-0.9814358
24,0.6104158163070679,11,Medium (9-11),1,1,1,1,31.481478,30.432701,1.0487766
25,0.8643380999565125,7,Short (<=8),36,0,0,0,25.94918,27.342855,-1.3936749
26,0.7609068751335144,9,Medium (9-11),7,0,0,1,28.825422,30.950468,-2.1250458
27,0.8989238142967224,8,Short (<=8),13,0,0,0,26.335747,29.957222,-3.6214752
28,0.6886022090911865,13,Long (12-14),1,1,1,1,30.136963,27.8328,2.304163
29,0.700776994228363,12,Long (12-14),1,1,1,1,28.566242,28.533606,0.032636642
30,0.8007695078849792,9,Medium (9-11),1,1,1,1,27.413067,26.14053,1.2725372
31,0.8552265167236328,11,Medium (9-11),11,0,0,0,26.025236,28.388544,-2.363308
32,0.6753984689712524,14,Long (12-14),1,1,1,1,28.595621,27.845907,0.7497139
33,0.7951677441596985,15,Very Long (>14),6,0,0,1,26.424992,28.558773,-2.1337814
34,0.7912673950195312,8,Short (<=8),4,0,1,1,29.503424,31.408781,-1.9053574
35,0.8904626965522766,12,Long (12-14),33,0,0,0,24.439337,28.187922,-3.7485847
36,0.8817587494850159,10,Medium (9-11),6,0,0,1,26.78566,27.51646,-0.7308006
37,0.648348867893219,22,Very Long (>14),1,1,1,1,29.861069,28.973633,0.8874359
38,0.6406209468841553,14,Long (12-14),1,1,1,1,27.89062,27.284628,0.60599136
39,0.7335436344146729,12,Long (12-14),180,0,0,0,20.621502,29.861605,-9.240103
40,0.6396147608757019,7,Short (<=8),1,1,1,1,30.957396,30.79531,0.16208649
41,0.8086749911308289,7,Short (<=8),1,1,1,1,28.515244,28.320208,0.19503593
42,0.6638597846031189,13,Long (12-14),2,0,1,1,27.576632,28.10885,-0.53221893
43,0.6061670780181885,12,Long (12-14),1,1,1,1,29.095247,28.732592,0.36265564
44,0.6133960485458374,12,Long (12-14),1,1,1,1,29.818466,29.083303,0.73516273
45,0.7401177883148193,10,Medium (9-11),15,0,0,0,23.531141,27.112902,-3.5817604
46,0.7559560537338257,11,Medium (9-11),31,0,0,0,22.570919,26.867018,-4.2960987
47,0.8035087585449219,12,Long (12-14),2,0,1,1,31.104671,31.306562,-0.20189095
48,0.7521917223930359,13,Long (12-14),1,1,1,1,35.439198,32.520493,2.918705
49,0.6498194932937622,15,Very Long (>14),9,0,0,1,26.22048,29.146492,-2.926012
50,0.6653214693069458,11,Medium (9-11),109,0,0,0,20.96113,27.32937,-6.3682404
51,0.5714603066444397,16,Very Long (>14),11,0,0,0,24.967066,29.328611,-4.3615456
52,0.9109581112861633,6,Short (<=8),5,0,1,1,25.665451,28.579372,-2.9139214
53,0.9045965671539307,7,Short (<=8),9,0,0,1,26.18016,26.98485,-0.8046894
54,0.8422816395759583,9,Medium (9-11),1,1,1,1,34.370293,31.4996,2.8706932
55,0.8167802095413208,10,Medium (9-11),1,1,1,1,29.575205,27.769003,1.8062019
56,0.9179509282112122,6,Short (<=8),6,0,0,1,26.734873,27.562365,-0.82749176
57,0.635191023349762,15,Very Long (>14),1,1,1,1,30.52746,29.27534,1.252121
58,0.8427331447601318,12,Long (12-14),1,1,1,1,29.59584,29.09084,0.50500107
59,0.6763036847114563,17,Very Long (>14),1,1,1,1,32.629448,26.764492,5.864956
60,0.772228479385376,7,Short (<=8),6,0,0,1,27.617321,28.272606,-0.6552849
61,0.8066946268081665,8,Short (<=8),1,1,1,1,28.113451,26.727053,1.3863983
62,0.823986828327179,11,Medium (9-11),1,1,1,1,28.597876,28.458313,0.1395626
63,0.7065436244010925,15,Very Long (>14),1,1,1,1,34.172153,30.665806,3.5063477
64,0.6516569256782532,6,Short (<=8),1,1,1,1,30.746841,26.352076,4.394766
65,0.6968759894371033,12,Long (12-14),1,1,1,1,28.662342,27.497238,1.1651039
66,0.7809092402458191,11,Medium (9-11),5,0,1,1,27.676504,29.544697,-1.8681927
67,0.8884838223457336,6,Short (<=8),63,0,0,0,24.124378,26.600487,-2.4761086
68,0.8119235038757324,11,Medium (9-11),2,0,1,1,27.753288,27.856525,-0.10323715
69,0.8950104713439941,6,Short (<=8),36,0,0,0,23.640743,27.973753,-4.3330097
70,0.8781012296676636,8,Short (<=8),2,0,1,1,26.039675,26.878666,-0.83899117
71,0.7796667814254761,8,Short (<=8),2,0,1,1,27.935535,28.940987,-1.0054512
72,0.7617762088775635,13,Long (12-14),1,1,1,1,32.593613,29.289173,3.3044395
73,0.8217636346817017,9,Medium (9-11),74,0,0,0,22.448322,28.04992,-5.601597
74,0.7214608788490295,15,Very Long (>14),1,1,1,1,30.169323,26.584648,3.5846748
75,0.8619614243507385,9,Medium (9-11),1,1,1,1,30.686897,29.703802,0.98309517
76,0.8158448934555054,14,Long (12-14),6,0,0,1,25.83518,30.267673,-4.432493
77,0.5809794068336487,15,Very Long (>14),1,1,1,1,30.800098,25.161112,5.6389866
78,0.7908229827880859,11,Medium (9-11),1,1,1,1,30.010727,29.385937,0.6247902
79,0.570496141910553,20,Very Long (>14),1,1,1,1,31.61868,28.87329,2.74539
80,0.7758049964904785,13,Long (12-14),1,1,1,1,29.54546,27.256212,2.2892475
81,0.8547660708427429,8,Short (<=8),14,0,0,0,26.039154,28.647572,-2.6084175
82,0.7655405402183533,19,Very Long (>14),2,0,1,1,28.394741,28.572786,-0.17804527
83,0.6263845562934875,19,Very Long (>14),1,1,1,1,30.680864,29.019833,1.6610317
84,0.6644188761711121,17,Very Long (>14),302,0,0,0,17.683489,26.334364,-8.650875
85,0.7923339605331421,8,Short (<=8),1,1,1,1,32.61832,32.31514,0.3031807
86,0.8260802626609802,14,Long (12-14),22,0,0,0,26.11119,27.964342,-1.8531513
87,0.901295006275177,6,Short (<=8),15,0,0,0,27.039055,28.79641,-1.7573547
88,0.7953717708587646,10,Medium (9-11),3,0,1,1,27.310013,28.314653,-1.0046406
89,0.8636037111282349,8,Short (<=8),1,1,1,1,29.426311,28.971497,0.4548149
90,0.7707751989364624,16,Very Long (>14),5,0,1,1,29.25698,32.069534,-2.8125534
91,0.6459905505180359,17,Very Long (>14),8,0,0,1,26.59828,27.653027,-1.0547466
92,0.798190712928772,8,Short (<=8),56,0,0,0,23.812584,29.213121,-5.4005375
93,0.6388483643531799,12,Long (12-14),18,0,0,0,24.827095,30.198341,-5.3712463
94,0.5097294449806213,24,Very Long (>14),1,1,1,1,29.70279,28.417557,1.2852325
95,0.7465627789497375,6,Short (<=8),6,0,0,1,26.305141,28.713161,-2.40802
96,0.8631511926651001,9,Medium (9-11),66,0,0,0,24.186615,26.710695,-2.5240803
97,0.8103283047676086,11,Medium (9-11),2,0,1,1,31.72678,32.85369,-1.1269112
98,0.8361610770225525,8,Short (<=8),1,1,1,1,33.064896,32.284634,0.780262
99,0.716498613357544,12,Long (12-14),7,0,0,1,25.227127,30.58558,-5.3584538
100,0.7348356246948242,19,Very Long (>14),1,1,1,1,28.267118,26.815086,1.4520321
101,0.8183915019035339,15,Very Long (>14),11,0,0,0,26.76131,28.370571,-1.6092606
102,0.8325535655021667,10,Medium (9-11),3,0,1,1,28.221405,28.67962,-0.4582157
103,0.8628655076026917,10,Medium (9-11),1,1,1,1,28.802973,28.066462,0.73651123
104,0.8334994912147522,12,Long (12-14),2,0,1,1,27.407223,27.508205,-0.100982666
105,0.6520871520042419,13,Long (12-14),1,1,1,1,30.751509,29.973757,0.7777519
106,0.6551845073699951,17,Very Long (>14),5,0,1,1,24.387915,28.259377,-3.8714619
107,0.7705948352813721,12,Long (12-14),10,0,0,1,23.890297,26.777756,-2.8874588
108,0.7563132643699646,13,Long (12-14),43,0,0,0,21.395382,28.678036,-7.282654
109,0.6215772032737732,13,Long (12-14),1,1,1,1,27.179146,26.480793,0.6983528
110,0.6434076428413391,16,Very Long (>14),1,1,1,1,31.447367,27.29327,4.1540966
111,0.8609659671783447,10,Medium (9-11),11,0,0,0,24.991362,26.115263,-1.1239014
112,0.8053473234176636,11,Medium (9-11),6,0,0,1,27.369091,28.01392,-0.6448288
113,0.8199097514152527,6,Short (<=8),5,0,1,1,26.50935,28.073315,-1.5639648
114,0.7291224598884583,11,Medium (9-11),1,1,1,1,33.851616,28.953638,4.897978
115,0.845791220664978,9,Medium (9-11),1,1,1,1,28.963089,26.6167,2.3463898
116,0.8477970361709595,11,Medium (9-11),4,0,1,1,27.02505,28.125212,-1.1001625
117,0.82063889503479,9,Medium (9-11),2,0,1,1,29.390388,31.716732,-2.3263435
118,0.7138498425483704,11,Medium (9-11),16,0,0,0,26.130291,29.457918,-3.3276272
119,0.7187084555625916,13,Long (12-14),1,1,1,1,31.52814,27.93264,3.595499
120,0.861260712146759,5,Short (<=8),1,1,1,1,29.856485,28.695,1.1614857
121,0.8119781017303467,9,Medium (9-11),1,1,1,1,28.868305,27.68505,1.1832561
122,0.6510367393493652,15,Very Long (>14),2,0,1,1,28.770817,29.921936,-1.1511192
123,0.8589603304862976,7,Short (<=8),3,0,1,1,27.520401,28.72031,-1.1999092
124,0.8117960691452026,14,Long (12-14),1,1,1,1,28.975292,28.512848,0.4624443
125,0.6907612085342407,15,Very Long (>14),1,1,1,1,33.920902,29.794138,4.1267643
126,0.5741004943847656,10,Medium (9-11),4,0,1,1,25.272715,27.207273,-1.9345589
127,0.8339939117431641,11,Medium (9-11),27,0,0,0,22.061808,29.51448,-7.452673
128,0.6493433713912964,18,Very Long (>14),1,1,1,1,31.895042,30.381567,1.5134754
129,0.7341655492782593,14,Long (12-14),2,0,1,1,28.732883,30.641544,-1.9086609
130,0.6036751866340637,15,Very Long (>14),1,1,1,1,32.96422,30.85393,2.1102886
131,0.7258123159408569,8,Short (<=8),1,1,1,1,28.133873,26.865746,1.2681274
132,0.8823151588439941,7,Short (<=8),26,0,0,0,25.5254,27.686987,-2.1615868
133,0.5810400247573853,20,Very Long (>14),5,0,1,1,25.745157,27.909342,-2.1641846
134,0.7782064080238342,9,Medium (9-11),1,1,1,1,33.369595,30.197235,3.1723595
135,0.7981261610984802,7,Short (<=8),116,0,0,0,21.872335,30.22353,-8.351194
136,0.8539416193962097,10,Medium (9-11),3,0,1,1,31.781513,32.369648,-0.58813477
137,0.843812108039856,11,Medium (9-11),1,1,1,1,29.372322,28.92893,0.4433918
138,0.7519192099571228,10,Medium (9-11),8,0,0,1,26.34275,28.601002,-2.2582512
139,0.7470372319221497,8,Short (<=8),7,0,0,1,30.932278,31.713512,-0.78123474
140,0.81844162940979,16,Very Long (>14),1,1,1,1,29.03525,28.456646,0.57860374
141,0.6917115449905396,12,Long (12-14),1,1,1,1,29.179525,29.142183,0.03734207
142,0.7564424872398376,13,Long (12-14),1,1,1,1,27.967606,27.420658,0.5469475
143,0.7437899112701416,7,Short (<=8),1,1,1,1,28.694162,28.467459,0.22670364
144,0.5958040356636047,16,Very Long (>14),1,1,1,1,33.65866,27.026749,6.631912
145,0.7935601472854614,10,Medium (9-11),1,1,1,1,33.10367,26.299065,6.8046036
146,0.8380897045135498,10,Medium (9-11),1,1,1,1,30.236227,26.81791,3.4183178
147,0.8272423148155212,10,Medium (9-11),56,0,0,0,23.036438,27.91549,-4.879051
148,0.8583008050918579,11,Medium (9-11),1,1,1,1,28.368797,25.852364,2.5164337
149,0.8816083073616028,8,Short (<=8),37,0,0,0,24.555319,27.285507,-2.7301884
150,0.8563286662101746,13,Long (12-14),1,1,1,1,31.91579,25.024849,6.8909416
151,0.7986883521080017,10,Medium (9-11),5,0,1,1,28.017118,28.508966,-0.491848
152,0.5673714876174927,15,Very Long (>14),3,0,1,1,25.83205,27.649874,-1.8178234
153,0.580890953540802,15,Very Long (>14),19,0,0,0,23.997154,31.452984,-7.4558296
154,0.8175508975982666,10,Medium (9-11),3,0,1,1,27.33201,30.176622,-2.8446121
155,0.6778838038444519,17,Very Long (>14),1,1,1,1,27.635008,26.228125,1.4068832
156,0.650558352470398,10,Medium (9-11),202,0,0,0,19.94909,31.043423,-11.094334
157,0.9193254709243774,6,Short (<=8),30,0,0,0,25.028622,26.484001,-1.4553795
158,0.8882054090499878,10,Medium (9-11),2,0,1,1,30.568928,31.48661,-0.91768265
159,0.7591113448143005,12,Long (12-14),1,1,1,1,27.76289,27.222141,0.5407486
160,0.8370497822761536,6,Short (<=8),283,0,0,0,21.613571,29.785284,-8.171713
161,0.6376924514770508,14,Long (12-14),1,1,1,1,33.534676,30.30104,3.233635
162,0.8168414235115051,13,Long (12-14),2,0,1,1,29.45464,29.581863,-0.12722397
163,0.7402341365814209,7,Short (<=8),16,0,0,0,25.89924,27.08718,-1.1879387
164,0.8770971298217773,7,Short (<=8),13,0,0,0,26.127905,28.624105,-2.4962006
165,0.7562109231948853,14,Long (12-14),1,1,1,1,28.12351,27.873356,0.2501545
166,0.6240004301071167,15,Very Long (>14),2,0,1,1,29.819738,30.185457,-0.36571884
167,0.8056707382202148,8,Short (<=8),19,0,0,0,24.66079,28.665007,-4.004217
168,0.7444196939468384,10,Medium (9-11),1,1,1,1,27.647818,27.364445,0.28337288
169,0.8421685099601746,7,Short (<=8),4,0,1,1,26.623217,28.855383,-2.2321663
170,0.777434766292572,10,Medium (9-11),1,1,1,1,32.672604,28.832903,3.8397007
171,0.7277534604072571,13,Long (12-14),2,0,1,1,28.583141,29.974264,-1.3911228
172,0.7624589800834656,15,Very Long (>14),1,1,1,1,30.238804,29.257334,0.9814701
173,0.5791866183280945,11,Medium (9-11),2,0,1,1,26.915503,28.986496,-2.0709934
174,0.716501772403717,15,Very Long (>14),1,1,1,1,29.615974,28.978983,0.6369915
175,0.8564526438713074,7,Short (<=8),86,0,0,0,22.563124,26.207706,-3.6445827
176,0.8913901448249817,11,Medium (9-11),12,0,0,0,26.041853,27.98543,-1.9435768
177,0.9058147668838501,6,Short (<=8),6,0,0,1,26.675066,29.061556,-2.3864899
178,0.6352495551109314,12,Long (12-14),1,1,1,1,31.20279,30.787378,0.415411
179,0.7737407088279724,11,Medium (9-11),2,0,1,1,28.617907,29.342348,-0.7244415
180,0.7617771029472351,8,Short (<=8),1,1,1,1,34.081078,29.073399,5.007679
181,0.7547199726104736,14,Long (12-14),4,0,1,1,26.65971,27.235243,-0.5755329
182,0.7791552543640137,9,Medium (9-11),2,0,1,1,32.11969,32.79894,-0.6792488
183,0.6752070784568787,12,Long (12-14),96,0,0,0,21.279026,28.71375,-7.434725
184,0.8089351058006287,9,Medium (9-11),2,0,1,1,28.792969,29.406881,-0.6139126
185,0.5074393153190613,10,Medium (9-11),1,1,1,1,26.022984,24.284575,1.738409
186,0.8547609448432922,10,Medium (9-11),2,0,1,1,26.966164,28.065432,-1.099268
187,0.7601783275604248,12,Long (12-14),1,1,1,1,32.916813,28.889406,4.0274067
188,0.8471620082855225,9,Medium (9-11),1,1,1,1,30.34018,27.670616,2.6695633
189,0.7885884046554565,15,Very Long (>14),1,1,1,1,28.55635,27.757078,0.79927254
190,0.8873038291931152,8,Short (<=8),12,0,0,0,25.679249,27.50423,-1.8249817
191,0.8294305801391602,8,Short (<=8),142,0,0,0,23.005365,27.305693,-4.3003273
192,0.8778563737869263,8,Short (<=8),7,0,0,1,27.447817,28.6621,-1.214283
193,0.7383463382720947,12,Long (12-14),3,0,1,1,28.22693,30.33957,-2.1126385
194,0.7207337021827698,8,Short (<=8),5,0,1,1,26.019978,27.973095,-1.9531174
195,0.7649555206298828,10,Medium (9-11),6,0,0,1,27.05087,29.75456,-2.7036896
196,0.6565352082252502,14,Long (12-14),1,1,1,1,33.38039,29.207706,4.1726837
197,0.725286602973938,11,Medium (9-11),2,0,1,1,28.601027,29.633575,-1.0325489
198,0.8108090162277222,18,Very Long (>14),1,1,1,1,31.212914,26.530302,4.6826115
199,0.8049246072769165,9,Medium (9-11),5,0,1,1,28.166676,31.170729,-3.004053
200,0.9040917158126831,8,Short (<=8),14,0,0,0,25.496546,27.141705,-1.6451588
201,0.7798585295677185,14,Long (12-14),12,0,0,0,24.770645,28.771145,-4.0004997
202,0.7530391812324524,11,Medium (9-11),1,1,1,1,28.322264,28.315228,0.007036209
203,0.6180411577224731,21,Very Long (>14),3,0,1,1,27.46076,28.893265,-1.4325047
204,0.8737964034080505,7,Short (<=8),1,1,1,1,29.75167,28.4455,1.3061714
205,0.8374801278114319,8,Short (<=8),4,0,1,1,27.266125,28.729626,-1.463501
206,0.47717970609664917,21,Very Long (>14),4,0,1,1,25.687508,27.72025,-2.0327415
207,0.6640912294387817,15,Very Long (>14),42,0,0,0,24.445782,28.163433,-3.7176514
208,0.8030627369880676,15,Very Long (>14),4,0,1,1,27.655066,28.79475,-1.1396847
209,0.657996654510498,18,Very Long (>14),1,1,1,1,33.644073,31.04418,2.5998936
210,0.49369677901268005,16,Very Long (>14),1,1,1,1,34.286983,25.350527,8.936457
211,0.7260929346084595,11,Medium (9-11),2,0,1,1,28.620445,30.013422,-1.3929768
212,0.7003831267356873,10,Medium (9-11),1,1,1,1,30.06714,28.31735,1.7497902
213,0.7255366444587708,9,Medium (9-11),1,1,1,1,33.44503,30.10645,3.338581
214,0.7826338410377502,22,Very Long (>14),6,0,0,1,27.519726,32.06098,-4.541256
215,0.5541161298751831,18,Very Long (>14),2,0,1,1,27.067093,29.092438,-2.0253448
216,0.7069169878959656,17,Very Long (>14),3,0,1,1,28.468424,29.926289,-1.4578648
217,0.8637128472328186,10,Medium (9-11),10,0,0,1,26.972591,29.242144,-2.2695522
218,0.5544961094856262,13,Long (12-14),1,1,1,1,26.799261,25.458378,1.3408833
219,0.6975091695785522,8,Short (<=8),3,0,1,1,29.907763,30.358881,-0.45111847
220,0.6877544522285461,18,Very Long (>14),1,1,1,1,34.634846,27.415253,7.219593
221,0.6856247186660767,11,Medium (9-11),3,0,1,1,26.485077,26.84332,-0.35824394
222,0.7009060978889465,14,Long (12-14),2,0,1,1,28.23981,28.473732,-0.23392105
223,0.7334182262420654,14,Long (12-14),1,1,1,1,34.186913,22.741758,11.445154
224,0.840501070022583,10,Medium (9-11),3,0,1,1,26.886972,27.63654,-0.74956703
225,0.6404240131378174,14,Long (12-14),1,1,1,1,32.659184,30.606735,2.0524483
226,0.8790374398231506,7,Short (<=8),20,0,0,0,24.418468,27.51885,-3.1003819
227,0.8015348315238953,11,Medium (9-11),8,0,0,1,26.177942,27.698215,-1.5202732
228,0.9110082983970642,10,Medium (9-11),3,0,1,1,27.812778,29.499912,-1.6871338
229,0.7824686765670776,8,Short (<=8),2,0,1,1,26.355022,27.487988,-1.1329651
230,0.7629620432853699,10,Medium (9-11),1,1,1,1,31.69873,25.844023,5.8547077
231,0.803153932094574,10,Medium (9-11),13,0,0,0,26.075735,28.524689,-2.4489536
232,0.9331185221672058,7,Short (<=8),754,0,0,0,21.989647,25.881172,-3.8915253
233,0.7814254760742188,11,Medium (9-11),12,0,0,0,26.799969,28.024656,-1.2246876
234,0.7319148182868958,10,Medium (9-11),82,0,0,0,21.451591,28.05035,-6.5987587
235,0.8468186259269714,10,Medium (9-11),1,1,1,1,31.00258,28.880608,2.121973
236,0.6187031269073486,22,Very Long (>14),1,1,1,1,33.08519,29.810715,3.274475
237,0.5314798951148987,17,Very Long (>14),29,0,0,0,23.48744,28.289991,-4.8025513
238,0.8495521545410156,14,Long (12-14),2,0,1,1,28.85633,30.82258,-1.9662495
239,0.5672691464424133,14,Long (12-14),1,1,1,1,31.878572,26.435207,5.443365
240,0.7625828981399536,19,Very Long (>14),1,1,1,1,31.58012,28.951866,2.628254
241,0.8682345747947693,8,Short (<=8),21,0,0,0,24.036947,27.305592,-3.2686443
242,0.7799151539802551,8,Short (<=8),1,1,1,1,28.29572,27.955841,0.33987808
243,0.5284149646759033,13,Long (12-14),1,1,1,1,33.097164,29.96571,3.1314545
244,0.6664195656776428,8,Short (<=8),1,1,1,1,33.80947,31.972158,1.8373127
245,0.9116911292076111,8,Short (<=8),3,0,1,1,27.424006,27.892292,-0.4682865
246,0.6329545378684998,16,Very Long (>14),1,1,1,1,30.05842,27.47434,2.5840797
247,0.811385989189148,6,Short (<=8),1,1,1,1,28.510534,27.8251,0.68543434
248,0.8043424487113953,13,Long (12-14),12,0,0,0,26.605999,27.281368,-0.67536926
249,0.792829692363739,12,Long (12-14),8,0,0,1,26.50544,29.48745,-2.98201
250,0.5334299206733704,10,Medium (9-11),7,0,0,1,26.908339,28.889297,-1.9809589
251,0.8865746259689331,6,Short (<=8),8,0,0,1,27.221949,28.32817,-1.1062222
252,0.8901676535606384,10,Medium (9-11),6,0,0,1,27.945143,30.353764,-2.4086208
253,0.673866331577301,20,Very Long (>14),2,0,1,1,29.111403,29.578638,-0.46723557
254,0.6693229675292969,7,Short (<=8),2,0,1,1,28.171268,28.926785,-0.75551605
255,0.8029114603996277,14,Long (12-14),10,0,0,1,26.014757,29.02261,-3.0078526
256,0.7046849727630615,14,Long (12-14),1,1,1,1,30.238876,28.795837,1.443039
257,0.7434478998184204,11,Medium (9-11),1,1,1,1,26.078081,25.908411,0.1696701
258,0.7327510714530945,11,Medium (9-11),1,1,1,1,33.3359,23.925028,9.4108715
259,0.8247294425964355,7,Short (<=8),4,0,1,1,27.335873,28.631624,-1.2957516
260,0.7738512754440308,9,Medium (9-11),1,1,1,1,29.448742,27.656668,1.7920742
261,0.8034934401512146,10,Medium (9-11),25,0,0,0,23.253517,27.889465,-4.635948
262,0.701643705368042,12,Long (12-14),1,1,1,1,28.069473,25.915495,2.1539783
263,0.683958113193512,14,Long (12-14),1,1,1,1,30.007797,25.960264,4.047533
264,0.6266425251960754,14,Long (12-14),1,1,1,1,28.788399,27.994791,0.7936077
265,0.8649744987487793,8,Short (<=8),1,1,1,1,29.674852,27.790129,1.8847237
266,0.5521364808082581,14,Long (12-14),1,1,1,1,30.55669,29.064938,1.4917526
267,0.7906618714332581,7,Short (<=8),1,1,1,1,30.634022,28.136602,2.4974194
268,0.6760579347610474,15,Very Long (>14),2,0,1,1,29.36331,32.047596,-2.684286
269,0.8904029130935669,6,Short (<=8),8,0,0,1,26.001484,26.635462,-0.6339779
270,0.5268988609313965,32,Very Long (>14),1,1,1,1,32.994923,25.388395,7.6065273
271,0.7714343667030334,10,Medium (9-11),45,0,0,0,23.43954,26.685837,-3.246296
272,0.7696749567985535,11,Medium (9-11),6,0,0,1,26.19053,28.529776,-2.3392448
273,0.7217859029769897,15,Very Long (>14),1,1,1,1,28.616451,28.605764,0.010686874
274,0.6155412793159485,18,Very Long (>14),1,1,1,1,35.082775,26.454412,8.628363
275,0.7783331274986267,15,Very Long (>14),3,0,1,1,29.050594,29.888226,-0.8376312
276,0.5739953517913818,27,Very Long (>14),1,1,1,1,27.093983,26.023764,1.070219
277,0.6033118963241577,14,Long (12-14),1,1,1,1,30.92698,26.653503,4.2734756
278,0.5057404041290283,22,Very Long (>14),1,1,1,1,33.15056,30.692303,2.4582558
279,0.5841336250305176,26,Very Long (>14),2,0,1,1,27.780506,29.144222,-1.3637161
280,0.9107462167739868,8,Short (<=8),4,0,1,1,27.8061,28.47656,-0.67045975
281,0.6180596947669983,27,Very Long (>14),1,1,1,1,29.800678,26.819166,2.981512
282,0.8282760381698608,9,Medium (9-11),1,1,1,1,31.792587,28.359455,3.4331322
283,0.8505101203918457,10,Medium (9-11),41,0,0,0,22.897823,26.68751,-3.7896862
284,0.7255719900131226,8,Short (<=8),1,1,1,1,31.573236,29.464611,2.1086254
285,0.6248835921287537,17,Very Long (>14),9,0,0,1,24.428608,25.869883,-1.4412746
286,0.7797026038169861,8,Short (<=8),2,0,1,1,25.283157,26.810514,-1.5273571
287,0.6955687999725342,14,Long (12-14),1,1,1,1,27.940971,26.813591,1.1273804
288,0.8637077212333679,11,Medium (9-11),1,1,1,1,29.565426,28.968958,0.596468
289,0.6859134435653687,9,Medium (9-11),2,0,1,1,29.501926,30.222923,-0.72099686
290,0.6167406439781189,14,Long (12-14),1,1,1,1,30.016964,26.943832,3.0731316
291,0.6727741956710815,15,Very Long (>14),4,0,1,1,29.084011,31.247276,-2.1632652
292,0.681773841381073,18,Very Long (>14),1,1,1,1,28.87199,28.693693,0.17829704
293,0.7382540702819824,13,Long (12-14),1,1,1,1,28.769806,26.49669,2.2731152
294,0.5943342447280884,20,Very Long (>14),12,0,0,0,25.492468,27.74095,-2.2484818
295,0.7347540259361267,9,Medium (9-11),4,0,1,1,27.642132,29.235945,-1.593813
296,0.6078583002090454,14,Long (12-14),1,1,1,1,33.236332,29.02999,4.2063427
297,0.8824892044067383,11,Medium (9-11),42,0,0,0,25.742119,27.350098,-1.6079788
298,0.9213417172431946,9,Medium (9-11),1,1,1,1,28.15901,28.10748,0.051530838
299,0.7961076498031616,14,Long (12-14),1,1,1,1,32.064133,28.43805,3.6260834
300,0.8497496247291565,7,Short (<=8),5,0,1,1,26.114601,27.333933,-1.2193317
301,0.766079306602478,17,Very Long (>14),6,0,0,1,25.857426,26.279957,-0.42253113
302,0.7815093994140625,10,Medium (9-11),8,0,0,1,26.48706,28.417469,-1.9304085
303,0.9148892164230347,8,Short (<=8),1,1,1,1,28.437475,28.027052,0.41042328
304,0.6631866097450256,14,Long (12-14),1,1,1,1,30.40889,25.83704,4.57185
305,0.6607421040534973,15,Very Long (>14),1,1,1,1,27.56344,27.50855,0.05488968
306,0.7264346480369568,13,Long (12-14),1,1,1,1,28.433954,27.94308,0.49087334
307,0.792995035648346,10,Medium (9-11),22,0,0,0,24.475994,27.234709,-2.7587147
308,0.7362470626831055,14,Long (12-14),3,0,1,1,26.715616,27.350145,-0.6345291
309,0.8537593483924866,9,Medium (9-11),9,0,0,1,25.336535,29.314953,-3.9784184
310,0.738547682762146,11,Medium (9-11),4,0,1,1,28.323877,33.289486,-4.9656086
311,0.5808165669441223,16,Very Long (>14),1,1,1,1,31.794086,28.154749,3.6393375
312,0.5778447389602661,15,Very Long (>14),1,1,1,1,32.735134,28.823448,3.911686
313,0.7129208445549011,13,Long (12-14),2,0,1,1,28.30197,29.743153,-1.4411831
314,0.7264901399612427,14,Long (12-14),2,0,1,1,30.007923,30.718649,-0.7107258
315,0.8145330548286438,7,Short (<=8),10,0,0,1,26.854301,29.329554,-2.4752522
316,0.8689401745796204,8,Short (<=8),49,0,0,0,23.058084,28.191269,-5.1331844
317,0.8581107258796692,7,Short (<=8),89,0,0,0,21.705494,29.755274,-8.04978
318,0.7634860873222351,13,Long (12-14),3,0,1,1,26.824982,28.09515,-1.2701683
319,0.536213755607605,19,Very Long (>14),1,1,1,1,30.977472,27.602377,3.3750954
320,0.6786153316497803,12,Long (12-14),1,1,1,1,33.461838,27.328962,6.1328754
321,0.77726149559021,13,Long (12-14),1,1,1,1,31.108528,30.212349,0.8961792
322,0.7400575876235962,9,Medium (9-11),1,1,1,1,30.25316,27.913433,2.3397274
323,0.8627593517303467,7,Short (<=8),55,0,0,0,24.166386,24.947363,-0.78097725
324,0.7808756232261658,7,Short (<=8),3,0,1,1,26.541328,27.860355,-1.319027
325,0.782903254032135,13,Long (12-14),311,0,0,0,17.081524,27.144932,-10.063408
326,0.6321496963500977,29,Very Long (>14),1,1,1,1,32.617126,30.064014,2.553112
327,0.664875864982605,6,Short (<=8),1,1,1,1,30.361042,29.580093,0.78094864
328,0.4607137143611908,25,Very Long (>14),1,1,1,1,31.843767,25.43987,6.4038963
329,0.8033222556114197,12,Long (12-14),5,0,1,1,28.026873,29.30547,-1.2785969
330,0.8450735807418823,8,Short (<=8),2,0,1,1,27.286577,27.29457,-0.007993698
331,0.6596831679344177,10,Medium (9-11),1,1,1,1,28.994423,28.9432,0.051223755
332,0.7982888221740723,11,Medium (9-11),20,0,0,0,23.474497,29.493221,-6.0187244
333,0.9153802394866943,10,Medium (9-11),4,0,1,1,27.365673,28.484457,-1.118784
334,0.6468245387077332,11,Medium (9-11),1,1,1,1,32.39599,32.202637,0.19335175
335,0.8156372904777527,8,Short (<=8),1,1,1,1,28.345745,27.776218,0.5695267
336,0.8345891833305359,13,Long (12-14),1,1,1,1,30.375177,29.767746,0.6074314
337,0.8449459075927734,8,Short (<=8),3,0,1,1,27.775496,27.904018,-0.12852287
338,0.7286438345909119,8,Short (<=8),1,1,1,1,30.786224,28.519539,2.2666855
339,0.6437303423881531,21,Very Long (>14),1,1,1,1,30.616879,28.636303,1.9805756
340,0.7516987919807434,10,Medium (9-11),2,0,1,1,29.197758,30.65542,-1.4576626
341,0.6185789108276367,13,Long (12-14),1,1,1,1,30.869896,27.53582,3.334076
342,0.6919637322425842,9,Medium (9-11),1,1,1,1,32.197464,29.411545,2.7859192
343,0.7281477451324463,9,Medium (9-11),305,0,0,0,20.113558,26.976118,-6.8625603
344,0.8846614360809326,10,Medium (9-11),59,0,0,0,24.268637,27.063116,-2.7944794
345,0.9069164395332336,8,Short (<=8),61,0,0,0,24.549189,26.821297,-2.272108
346,0.6762444972991943,13,Long (12-14),21,0,0,0,25.500404,27.892702,-2.3922977
347,0.7517237067222595,13,Long (12-14),1,1,1,1,31.289083,28.31071,2.9783726
348,0.8644350171089172,12,Long (12-14),6,0,0,1,26.529621,29.393757,-2.8641357
349,0.6931238174438477,13,Long (12-14),1,1,1,1,32.272564,28.136652,4.135912
350,0.663938045501709,9,Medium (9-11),1,1,1,1,31.31771,27.08323,4.234482
351,0.6131582856178284,9,Medium (9-11),1,1,1,1,31.495255,29.99847,1.4967842
352,0.858565092086792,9,Medium (9-11),6,0,0,1,28.20531,30.159122,-1.9538116
353,0.8278215527534485,12,Long (12-14),1,1,1,1,30.920998,29.377047,1.543951
354,0.9402305483818054,6,Short (<=8),98,0,0,0,23.77094,26.807535,-3.0365944
355,0.7460323572158813,8,Short (<=8),1,1,1,1,30.031855,28.107956,1.9238987
356,0.5993328094482422,12,Long (12-14),1,1,1,1,29.713287,27.826565,1.8867226
357,0.7863130569458008,9,Medium (9-11),1,1,1,1,33.94171,29.412382,4.5293293
358,0.5290101766586304,14,Long (12-14),53,0,0,0,22.583126,29.849873,-7.2667465
359,0.7859988212585449,11,Medium (9-11),312,0,0,0,19.131844,30.860065,-11.728222
360,0.7772276997566223,13,Long (12-14),5,0,1,1,26.149946,31.15389,-5.0039444
361,0.8818778991699219,8,Short (<=8),6,0,0,1,25.958963,27.134026,-1.1750622
362,0.5643872022628784,23,Very Long (>14),1,1,1,1,27.594131,26.106913,1.4872189
363,0.7379145622253418,21,Very Long (>14),1,1,1,1,30.175537,27.890327,2.2852097
364,0.7488327026367188,11,Medium (9-11),1,1,1,1,28.502113,27.83487,0.66724396
365,0.5846325159072876,19,Very Long (>14),9,0,0,1,26.315159,28.246897,-1.9317379
366,0.8071911931037903,10,Medium (9-11),1,1,1,1,32.554245,27.0343,5.519945
367,0.7406390905380249,6,Short (<=8),48,0,0,0,24.38547,28.449615,-4.064146
368,0.8033766746520996,9,Medium (9-11),2,0,1,1,28.466303,28.747252,-0.28094864
369,0.6803425550460815,16,Very Long (>14),1,1,1,1,29.698112,27.946636,1.7514763
370,0.78946453332901,10,Medium (9-11),1,1,1,1,29.746517,28.66045,1.0860672
371,0.7376876473426819,10,Medium (9-11),1,1,1,1,35.674168,26.36978,9.304388
372,0.6821219325065613,13,Long (12-14),1,1,1,1,30.755896,27.5241,3.2317963
373,0.8328713178634644,9,Medium (9-11),4,0,1,1,27.734787,28.925886,-1.1910992
374,0.7232314944267273,7,Short (<=8),17,0,0,0,24.735954,26.470053,-1.7340984
375,0.4855544865131378,14,Long (12-14),1,1,1,1,33.233402,29.330265,3.9031372
376,0.7346718907356262,16,Very Long (>14),1,1,1,1,29.69361,27.103535,2.5900745
377,0.7153578400611877,16,Very Long (>14),1,1,1,1,33.37257,27.624496,5.7480736
378,0.8079397678375244,10,Medium (9-11),4,0,1,1,28.728794,29.74079,-1.0119953
379,0.7633746266365051,8,Short (<=8),6,0,0,1,25.832224,26.772339,-0.940115
380,0.5705146789550781,19,Very Long (>14),1,1,1,1,28.976011,26.245598,2.7304134
381,0.7894322276115417,13,Long (12-14),80,0,0,0,22.396215,28.885061,-6.488846
382,0.646560788154602,9,Medium (9-11),1,1,1,1,31.656528,29.031225,2.6253033
383,0.7176254987716675,15,Very Long (>14),2,0,1,1,28.272871,29.54092,-1.2680492
384,0.7995961308479309,11,Medium (9-11),156,0,0,0,21.141632,28.36422,-7.2225876
385,0.650481104850769,10,Medium (9-11),2,0,1,1,28.01264,30.50043,-2.4877892
386,0.8162821531295776,9,Medium (9-11),1,1,1,1,30.13131,30.10265,0.02865982
387,0.7313165664672852,9,Medium (9-11),2,0,1,1,29.01214,30.211454,-1.1993141
388,0.6393587589263916,12,Long (12-14),1,1,1,1,27.999788,27.551907,0.4478817
389,0.9074736833572388,8,Short (<=8),2,0,1,1,27.235504,27.48622,-0.25071526
390,0.8825822472572327,5,Short (<=8),1,1,1,1,27.87493,27.836159,0.038770676
391,0.8347483277320862,16,Very Long (>14),1,1,1,1,30.513182,27.151388,3.3617935
392,0.8546298742294312,6,Short (<=8),88,0,0,0,23.05489,27.264732,-4.2098427
393,0.8501055240631104,9,Medium (9-11),7,0,0,1,26.895077,28.284952,-1.3898754
394,0.8971163630485535,8,Short (<=8),6,0,0,1,26.807657,30.401325,-3.593668
395,0.5143046975135803,16,Very Long (>14),1,1,1,1,31.390297,26.441298,4.9489994
396,0.7228824496269226,13,Long (12-14),2,0,1,1,30.335363,31.21011,-0.8747463
397,0.8948835134506226,6,Short (<=8),1,1,1,1,29.743267,28.57592,1.167347
398,0.571598470211029,11,Medium (9-11),2,0,1,1,29.919783,35.20388,-5.2840977
399,0.7367621064186096,10,Medium (9-11),1,1,1,1,30.4342,25.116993,5.3172073
400,0.7188617587089539,12,Long (12-14),2,0,1,1,27.333706,28.11712,-0.78341484
401,0.6963748931884766,8,Short (<=8),1,1,1,1,30.71711,28.098389,2.618721
402,0.8065624237060547,11,Medium (9-11),1,1,1,1,29.99903,27.244053,2.7549763
403,0.7838042974472046,12,Long (12-14),2,0,1,1,28.620302,30.330246,-1.7099438
404,0.8383922576904297,12,Long (12-14),7,0,0,1,26.509167,29.324936,-2.8157692
405,0.7533005475997925,10,Medium (9-11),1,1,1,1,29.66076,27.190832,2.4699287
406,0.8689661622047424,13,Long (12-14),3,0,1,1,26.436604,26.50288,-0.06627655
407,0.777030348777771,15,Very Long (>14),1,1,1,1,28.700417,27.272146,1.4282703
408,0.6864341497421265,14,Long (12-14),1,1,1,1,29.102415,25.449097,3.6533184
409,0.8187533020973206,10,Medium (9-11),10,0,0,1,24.274853,27.980598,-3.7057457
410,0.7904651165008545,9,Medium (9-11),1,1,1,1,30.119164,28.652695,1.4664688
411,0.840515673160553,12,Long (12-14),1,1,1,1,30.54198,27.227581,3.3143997
412,0.6899551153182983,19,Very Long (>14),13,0,0,0,25.613218,27.569807,-1.9565887
413,0.7697103023529053,12,Long (12-14),1,1,1,1,30.336178,30.29763,0.038547516
414,0.8672723770141602,6,Short (<=8),10,0,0,1,25.854868,29.840881,-3.9860134
415,0.6580493450164795,9,Medium (9-11),3,0,1,1,25.560846,26.174473,-0.6136265
416,0.8701249957084656,8,Short (<=8),5,0,1,1,27.786583,28.719652,-0.9330692
417,0.8308262825012207,7,Short (<=8),33,0,0,0,23.98425,29.139763,-5.155514
418,0.6209670901298523,20,Very Long (>14),1,1,1,1,29.18058,28.726778,0.4538021
419,0.892606258392334,5,Short (<=8),7,0,0,1,27.359062,27.92042,-0.5613575
420,0.8614597320556641,6,Short (<=8),3,0,1,1,28.081491,30.42887,-2.3473778
421,0.8413412570953369,9,Medium (9-11),1,1,1,1,30.225563,25.8219,4.4036636
422,0.748347818851471,8,Short (<=8),2,0,1,1,28.258764,28.525791,-0.2670269
423,0.8082879185676575,13,Long (12-14),108,0,0,0,23.442263,28.364456,-4.9221935
424,0.8630377054214478,14,Long (12-14),18,0,0,0,24.773968,27.670372,-2.8964043
425,0.806114673614502,13,Long (12-14),1,1,1,1,33.12165,28.978788,4.1428623
426,0.8407717943191528,11,Medium (9-11),1,1,1,1,30.972052,28.052818,2.9192333
427,0.8110935688018799,14,Long (12-14),1,1,1,1,26.390808,26.297867,0.092941284
428,0.8194487690925598,9,Medium (9-11),3,0,1,1,28.170542,29.00644,-0.83589745
429,0.7310665845870972,11,Medium (9-11),1,1,1,1,30.380154,27.187597,3.1925564
430,0.7673543095588684,6,Short (<=8),10,0,0,1,24.125689,26.239895,-2.1142063
431,0.787244975566864,7,Short (<=8),2,0,1,1,29.343033,30.128622,-0.7855892
432,0.8981168866157532,8,Short (<=8),40,0,0,0,24.022106,27.559906,-3.5377998
433,0.8386328816413879,11,Medium (9-11),2,0,1,1,28.788132,29.650736,-0.86260414
434,0.5820339322090149,20,Very Long (>14),1,1,1,1,35.411697,24.111712,11.299986
435,0.7237894535064697,14,Long (12-14),1,1,1,1,30.379095,27.67017,2.7089252
436,0.6741657257080078,16,Very Long (>14),1,1,1,1,29.532766,27.050198,2.4825687
437,0.6704657673835754,8,Short (<=8),1,1,1,1,34.33986,29.955555,4.384304
438,0.870150625705719,9,Medium (9-11),110,0,0,0,23.391718,27.954573,-4.562855
439,0.6514577269554138,13,Long (12-14),1,1,1,1,33.720314,27.480656,6.2396584
440,0.7510385513305664,9,Medium (9-11),16,0,0,0,26.44754,28.043758,-1.5962181
441,0.9015040397644043,7,Short (<=8),17,0,0,0,25.95115,26.424747,-0.47359657
442,0.6307124495506287,7,Short (<=8),5,0,1,1,30.119276,31.541443,-1.4221668
443,0.6161425709724426,12,Long (12-14),1,1,1,1,32.72048,26.340902,6.3795795
444,0.5983746647834778,23,Very Long (>14),3,0,1,1,27.402979,32.459797,-5.056818
445,0.6685909032821655,16,Very Long (>14),1,1,1,1,30.882116,26.225555,4.656561
446,0.7754848003387451,10,Medium (9-11),249,0,0,0,21.43938,28.971525,-7.5321445
447,0.8182165026664734,6,Short (<=8),1,1,1,1,29.171606,24.82042,4.3511868
448,0.8318361639976501,12,Long (12-14),5,0,1,1,27.954632,29.155025,-1.2003937
449,0.8479718565940857,8,Short (<=8),1,1,1,1,31.071075,26.717545,4.353531
450,0.8242514729499817,8,Short (<=8),12,0,0,0,27.202166,28.24414,-1.041975
451,0.7786222696304321,11,Medium (9-11),1,1,1,1,30.740786,28.399569,2.341217
452,0.8195447325706482,12,Long (12-14),7,0,0,1,27.060656,28.420757,-1.3601017
453,0.8122760653495789,7,Short (<=8),95,0,0,0,23.90792,28.809559,-4.901638
454,0.8118160367012024,8,Short (<=8),9,0,0,1,27.5169,28.656813,-1.1399136
455,0.45347729325294495,24,Very Long (>14),1,1,1,1,36.167507,27.73863,8.428877
456,0.6466605067253113,21,Very Long (>14),1,1,1,1,32.017933,27.321207,4.696726
457,0.9025576710700989,7,Short (<=8),1,1,1,1,30.018324,28.325033,1.6932907
458,0.6626169681549072,16,Very Long (>14),5,0,1,1,25.780546,27.987906,-2.2073593
459,0.7726715207099915,9,Medium (9-11),1,1,1,1,27.007523,26.851898,0.15562439
460,0.849609911441803,8,Short (<=8),2,0,1,1,28.46977,28.480316,-0.010545731
461,0.8019448518753052,8,Short (<=8),200,0,0,0,21.53,28.052145,-6.5221443
462,0.6619998812675476,13,Long (12-14),47,0,0,0,19.790388,27.136961,-7.346573
463,0.7406004667282104,16,Very Long (>14),3,0,1,1,29.116737,30.988205,-1.8714676
464,0.6537483334541321,12,Long (12-14),1,1,1,1,33.629925,26.958323,6.6716022
465,0.6968127489089966,10,Medium (9-11),2,0,1,1,26.565212,29.945396,-3.3801842
466,0.692046582698822,11,Medium (9-11),42,0,0,0,23.859596,29.093302,-5.2337055
467,0.8660258650779724,7,Short (<=8),1,1,1,1,31.944824,30.365953,1.5788708
468,0.7341977953910828,19,Very Long (>14),21,0,0,0,24.718546,27.571178,-2.8526325
469,0.8257609009742737,10,Medium (9-11),30,0,0,0,24.947163,28.310776,-3.3636131
470,0.6965780258178711,15,Very Long (>14),1,1,1,1,34.776115,27.078289,7.6978264
471,0.8897937536239624,12,Long (12-14),5,0,1,1,27.401833,27.939224,-0.53739166
472,0.8488519191741943,7,Short (<=8),17,0,0,0,24.989027,26.272911,-1.283884
473,0.8357458114624023,10,Medium (9-11),2,0,1,1,28.32385,29.659908,-1.3360577
474,0.7892599105834961,10,Medium (9-11),1,1,1,1,30.347935,29.483582,0.8643532
475,0.7913395762443542,15,Very Long (>14),7,0,0,1,25.280756,26.91298,-1.6322231
476,0.8150030374526978,12,Long (12-14),1,1,1,1,30.279016,28.682386,1.5966301
477,0.6916895508766174,14,Long (12-14),2,0,1,1,30.640486,30.981108,-0.34062195
478,0.6438248157501221,14,Long (12-14),3,0,1,1,27.924686,28.33224,-0.40755272
479,0.8933765292167664,8,Short (<=8),2,0,1,1,27.005123,27.041828,-0.036705017
480,0.7640289664268494,10,Medium (9-11),1,1,1,1,30.612867,27.527761,3.085106
481,0.8441970944404602,8,Short (<=8),9,0,0,1,24.575523,29.11875,-4.5432262
482,0.7992908358573914,12,Long (12-14),1,1,1,1,29.751015,28.888489,0.86252594
483,0.6598673462867737,10,Medium (9-11),8,0,0,1,26.282776,27.914768,-1.6319923
484,0.7787988185882568,11,Medium (9-11),27,0,0,0,24.317545,29.445448,-5.127903
485,0.5932775139808655,14,Long (12-14),1,1,1,1,31.77541,27.12487,4.6505394
486,0.8278554081916809,8,Short (<=8),1,1,1,1,28.88528,28.277052,0.6082287
487,0.7086032032966614,13,Long (12-14),3,0,1,1,26.02865,26.435398,-0.40674782
488,0.7732260227203369,12,Long (12-14),15,0,0,0,24.621391,27.023638,-2.4022465
489,0.525270402431488,12,Long (12-14),4,0,1,1,27.606735,33.63949,-6.032753
490,0.6992316246032715,6,Short (<=8),40,0,0,0,23.647184,26.441162,-2.7939777
491,0.8495694994926453,8,Short (<=8),1,1,1,1,28.897392,28.133696,0.7636967
492,0.5807631611824036,11,Medium (9-11),1,1,1,1,32.87311,25.575336,7.2977753
493,0.8787083029747009,8,Short (<=8),4,0,1,1,28.54663,29.977146,-1.4305153
494,0.5000605583190918,25,Very Long (>14),1,1,1,1,31.039312,28.3343,2.7050133
495,0.6754218935966492,12,Long (12-14),1,1,1,1,31.719547,29.867107,1.8524399
496,0.8264032602310181,6,Short (<=8),1,1,1,1,30.27445,27.7047,2.5697498
497,0.702532947063446,16,Very Long (>14),1,1,1,1,29.648945,27.493742,2.1552029
498,0.7911649346351624,7,Short (<=8),45,0,0,0,24.357368,29.1363,-4.7789307
499,0.7330926656723022,14,Long (12-14),1,1,1,1,30.429333,23.420918,7.008415
500,0.5316752791404724,24,Very Long (>14),1,1,1,1,34.095562,28.815186,5.2803764
501,0.6532976627349854,12,Long (12-14),1,1,1,1,33.27409,26.64531,6.6287804
502,0.804951012134552,10,Medium (9-11),2,0,1,1,29.781538,30.025011,-0.24347305
503,0.8436859250068665,13,Long (12-14),4,0,1,1,26.726454,27.937254,-1.2108002
504,0.7102260589599609,13,Long (12-14),1,1,1,1,31.12697,27.890726,3.2362442
505,0.9326683282852173,8,Short (<=8),58,0,0,0,24.240093,26.991295,-2.7512016
506,0.7530717849731445,10,Medium (9-11),2,0,1,1,27.272177,28.91389,-1.6417141
507,0.7762178778648376,8,Short (<=8),1,1,1,1,33.502853,31.07454,2.4283142
508,0.7874881625175476,13,Long (12-14),1,1,1,1,32.3292,30.136507,2.1926937
509,0.8188656568527222,11,Medium (9-11),17,0,0,0,24.002962,28.966288,-4.9633255
510,0.8254305720329285,7,Short (<=8),1,1,1,1,28.822163,26.8427,1.9794636
511,0.8526398539543152,8,Short (<=8),1,1,1,1,30.657219,26.39155,4.265669
512,0.5479679107666016,9,Medium (9-11),1,1,1,1,29.127321,28.42032,0.70700073
513,0.9136301279067993,8,Short (<=8),9,0,0,1,25.651896,27.470736,-1.81884
514,0.8050516843795776,9,Medium (9-11),1,1,1,1,29.401878,28.087547,1.314331
515,0.8015209436416626,12,Long (12-14),7,0,0,1,25.648716,29.8643,-4.215584
516,0.788713276386261,12,Long (12-14),1,1,1,1,31.466728,24.410545,7.056183
517,0.74419105052948,14,Long (12-14),1,1,1,1,30.982742,27.030426,3.9523163
518,0.7603672742843628,6,Short (<=8),1,1,1,1,29.228174,28.605145,0.6230297
519,0.7493289709091187,11,Medium (9-11),1,1,1,1,28.919931,28.678349,0.24158287
520,0.9079212546348572,7,Short (<=8),44,0,0,0,23.769224,28.750484,-4.9812603
521,0.6922178864479065,18,Very Long (>14),1,1,1,1,30.247232,26.62785,3.6193829
522,0.7837485074996948,14,Long (12-14),1,1,1,1,31.348934,26.209969,5.1389656
523,0.6907047033309937,12,Long (12-14),2,0,1,1,26.92064,27.146404,-0.22576332
524,0.8511452674865723,7,Short (<=8),1,1,1,1,30.539713,28.77567,1.7640438
525,0.8278067111968994,10,Medium (9-11),2,0,1,1,26.662354,29.960632,-3.2982788
526,0.8316644430160522,8,Short (<=8),1,1,1,1,32.234276,30.252644,1.9816322
527,0.934855043888092,7,Short (<=8),11,0,0,0,25.996803,26.750288,-0.7534847
528,0.8402690291404724,8,Short (<=8),2,0,1,1,28.355885,30.659904,-2.30402
529,0.777232825756073,14,Long (12-14),8,0,0,1,26.382149,29.171265,-2.789116
530,0.8352398872375488,18,Very Long (>14),8,0,0,1,26.769325,28.561142,-1.7918167
531,0.7695882320404053,10,Medium (9-11),1,1,1,1,36.87247,35.302452,1.5700188
532,0.7851952314376831,8,Short (<=8),26,0,0,0,25.732597,27.643002,-1.9104042
533,0.7626801133155823,12,Long (12-14),5,0,1,1,28.397131,30.76145,-2.3643188
534,0.6398646831512451,14,Long (12-14),4,0,1,1,24.45625,25.993126,-1.5368767
535,0.8436187505722046,9,Medium (9-11),9,0,0,1,25.134912,28.020063,-2.885151
536,0.7929970026016235,10,Medium (9-11),42,0,0,0,23.588276,30.116117,-6.5278416
537,0.6220515370368958,7,Short (<=8),1,1,1,1,33.366196,23.559097,9.807098
538,0.6468372344970703,13,Long (12-14),1,1,1,1,33.633034,28.748507,4.884527
539,0.7987882494926453,9,Medium (9-11),1,1,1,1,30.397875,30.289877,0.107997894
540,0.8048893809318542,11,Medium (9-11),26,0,0,0,23.450544,27.819199,-4.3686543
541,0.7789243459701538,9,Medium (9-11),16,0,0,0,24.998705,27.698765,-2.70006
542,0.6827172636985779,12,Long (12-14),1,1,1,1,33.2032,28.229671,4.97353
543,0.9002856016159058,6,Short (<=8),9,0,0,1,26.217354,27.901245,-1.6838913
544,0.8341504335403442,8,Short (<=8),2,0,1,1,28.913858,28.923119,-0.009260178
545,0.6770414710044861,20,Very Long (>14),1,1,1,1,30.58868,28.07392,2.514761
546,0.7031806111335754,15,Very Long (>14),1,1,1,1,28.560156,27.66703,0.89312553
547,0.8644869923591614,10,Medium (9-11),2,0,1,1,27.913471,28.252516,-0.33904457
548,0.6956915259361267,15,Very Long (>14),4,0,1,1,28.144407,28.313631,-0.16922379
549,0.6054456830024719,16,Very Long (>14),31,0,0,0,24.653927,26.799416,-2.1454887
550,0.531583309173584,13,Long (12-14),1,1,1,1,33.287785,25.622812,7.6649723
551,0.5956374406814575,15,Very Long (>14),1,1,1,1,31.603123,26.283234,5.319889
552,0.7798973917961121,11,Medium (9-11),1,1,1,1,30.190845,29.302866,0.8879795
553,0.6887909770011902,15,Very Long (>14),1,1,1,1,31.76002,30.846712,0.9133072
554,0.8600766062736511,11,Medium (9-11),1,1,1,1,30.13649,29.21959,0.91690063
555,0.8601216077804565,11,Medium (9-11),1,1,1,1,28.997946,28.991789,0.0061569214
556,0.7198673486709595,24,Very Long (>14),1,1,1,1,31.648117,28.269297,3.3788204
557,0.900294303894043,8,Short (<=8),37,0,0,0,25.635338,26.884975,-1.2496376
558,0.7800689935684204,15,Very Long (>14),2,0,1,1,25.821522,26.520288,-0.6987667
559,0.5718871355056763,21,Very Long (>14),1,1,1,1,34.16985,28.179192,5.990658
560,0.6496282815933228,10,Medium (9-11),2,0,1,1,31.827438,32.214962,-0.38752365
561,0.8017023205757141,6,Short (<=8),2,0,1,1,26.74734,27.11696,-0.36962128
562,0.7011247277259827,14,Long (12-14),1,1,1,1,33.81565,30.568197,3.2474537
563,0.7636557221412659,7,Short (<=8),1,1,1,1,33.580345,25.95433,7.6260147
564,0.7480499148368835,12,Long (12-14),5,0,1,1,29.245281,30.353598,-1.1083164
565,0.5829594731330872,8,Short (<=8),1,1,1,1,30.789244,29.116604,1.6726398
566,0.5841907262802124,17,Very Long (>14),1,1,1,1,33.616756,28.104015,5.512741
567,0.8369479179382324,8,Short (<=8),6,0,0,1,26.208288,27.602123,-1.3938351
568,0.8059112429618835,13,Long (12-14),1,1,1,1,30.291456,29.551733,0.7397232
569,0.9182851910591125,8,Short (<=8),3,0,1,1,26.794851,26.914055,-0.11920357
570,0.8302496671676636,11,Medium (9-11),1,1,1,1,30.471209,26.974895,3.496313
571,0.6569913625717163,17,Very Long (>14),1,1,1,1,28.484291,23.123512,5.360779
572,0.8263829946517944,8,Short (<=8),3,0,1,1,27.185158,28.898132,-1.7129745
573,0.7949687242507935,10,Medium (9-11),18,0,0,0,25.333103,28.464258,-3.131155
574,0.7565692067146301,9,Medium (9-11),2,0,1,1,27.441877,27.482431,-0.040554047
575,0.5612185597419739,13,Long (12-14),2,0,1,1,28.477228,29.978958,-1.50173
576,0.6902979016304016,13,Long (12-14),4,0,1,1,26.776373,28.102184,-1.3258114
577,0.8494675755500793,8,Short (<=8),1,1,1,1,33.240707,29.731936,3.508772
578,0.7334783673286438,15,Very Long (>14),2,0,1,1,31.117403,31.330383,-0.21298027
579,0.7806816697120667,18,Very Long (>14),2,0,1,1,29.295689,29.341543,-0.04585457
580,0.705647349357605,18,Very Long (>14),1,1,1,1,29.439264,29.183445,0.25581932
581,0.7709211707115173,11,Medium (9-11),1,1,1,1,29.505999,28.57463,0.9313679
582,0.8361610770225525,8,Short (<=8),2,0,1,1,32.284634,33.064896,-0.780262
583,0.6915303468704224,10,Medium (9-11),6,0,0,1,26.662233,28.261417,-1.599184
584,0.47968459129333496,22,Very Long (>14),2,0,1,1,26.412588,26.683212,-0.27062416
585,0.6474097967147827,8,Short (<=8),6,0,0,1,30.947971,32.393845,-1.4458733
586,0.8474359512329102,11,Medium (9-11),1,1,1,1,27.909166,25.805845,2.103321
587,0.8518007397651672,9,Medium (9-11),3,0,1,1,29.62178,29.930368,-0.30858803
588,0.6466955542564392,13,Long (12-14),4,0,1,1,26.47259,27.34049,-0.86790085
589,0.7817516326904297,8,Short (<=8),16,0,0,0,25.7594,28.607067,-2.8476677
590,0.7207740545272827,16,Very Long (>14),8,0,0,1,25.786203,30.716265,-4.9300613
591,0.816395103931427,10,Medium (9-11),23,0,0,0,24.243992,28.925817,-4.6818256
592,0.8113693594932556,7,Short (<=8),5,0,1,1,27.948458,29.864376,-1.9159184
593,0.8760207295417786,7,Short (<=8),7,0,0,1,26.145441,27.03271,-0.88726807
594,0.5057189464569092,13,Long (12-14),1,1,1,1,33.7038,24.837095,8.866705
595,0.6395308971405029,9,Medium (9-11),5,0,1,1,25.456697,29.272038,-3.81534
596,0.7601327300071716,12,Long (12-14),10,0,0,1,23.142895,25.417318,-2.2744236
597,0.7857756614685059,18,Very Long (>14),1,1,1,1,29.120218,27.978634,1.1415844
598,0.7012730240821838,8,Short (<=8),2,0,1,1,26.85408,27.246517,-0.39243698
599,0.9079475402832031,9,Medium (9-11),24,0,0,0,25.528303,29.338562,-3.8102589
600,0.6368653774261475,18,Very Long (>14),1,1,1,1,32.46111,27.770573,4.6905365
601,0.8975809216499329,6,Short (<=8),24,0,0,0,25.541159,27.943295,-2.4021358
602,0.8878650665283203,8,Short (<=8),3,0,1,1,29.630056,30.31539,-0.68533325
603,0.8339751958847046,6,Short (<=8),6,0,0,1,26.46379,27.30015,-0.836359
604,0.8651807904243469,13,Long (12-14),19,0,0,0,24.859247,30.438387,-5.5791397
605,0.8458523750305176,7,Short (<=8),1,1,1,1,28.248995,25.052557,3.1964378
606,0.8110572099685669,8,Short (<=8),1,1,1,1,29.438156,25.959557,3.4785995
607,0.7038657069206238,13,Long (12-14),1,1,1,1,28.347773,28.16871,0.17906189
608,0.6845400929450989,8,Short (<=8),4,0,1,1,28.027445,28.574436,-0.54699135
609,0.7294007539749146,10,Medium (9-11),1,1,1,1,28.674715,28.521246,0.15346909
610,0.7464216351509094,11,Medium (9-11),1,1,1,1,31.906796,27.307085,4.5997105
611,0.7121373414993286,6,Short (<=8),6,0,0,1,24.33424,27.081703,-2.7474632
612,0.7211934328079224,14,Long (12-14),1,1,1,1,30.445688,29.41298,1.0327091
613,0.5567383170127869,14,Long (12-14),2,0,1,1,32.751144,33.067036,-0.31589127
614,0.882268488407135,8,Short (<=8),1,1,1,1,34.085423,30.35798,3.7274418
615,0.6135609149932861,12,Long (12-14),1,1,1,1,29.203562,24.36827,4.835291
616,0.8576372861862183,6,Short (<=8),6,0,0,1,28.720184,29.526234,-0.80604935
617,0.7472259402275085,6,Short (<=8),12,0,0,0,27.58646,30.370813,-2.7843533
618,0.8070132732391357,9,Medium (9-11),1,1,1,1,32.052933,27.051561,5.0013714
619,0.6778249740600586,15,Very Long (>14),5,0,1,1,27.664352,28.956324,-1.2919712
620,0.9316339492797852,6,Short (<=8),887,0,0,0,18.804592,26.891045,-8.0864525
621,0.6433189511299133,13,Long (12-14),1,1,1,1,27.843655,26.272934,1.5707207
622,0.8703256249427795,8,Short (<=8),3,0,1,1,30.258352,33.031857,-2.7735043
623,0.8228484988212585,8,Short (<=8),5,0,1,1,27.477774,30.27615,-2.798376
624,0.7479931116104126,8,Short (<=8),2,0,1,1,31.722971,33.6978,-1.9748287
625,0.7644075155258179,10,Medium (9-11),1,1,1,1,28.506052,27.936142,0.56991005
626,0.8382725119590759,7,Short (<=8),1,1,1,1,27.362759,26.859892,0.50286674
627,0.8209762573242188,14,Long (12-14),1,1,1,1,32.573215,26.949314,5.6239014
628,0.8949640989303589,9,Medium (9-11),34,0,0,0,24.124836,26.950747,-2.8259106
629,0.6595050096511841,8,Short (<=8),7,0,0,1,26.729929,28.074911,-1.3449821
630,0.7634494304656982,14,Long (12-14),7,0,0,1,26.39095,29.427773,-3.0368233
631,0.8136879205703735,11,Medium (9-11),1,1,1,1,28.293001,27.899147,0.39385414
632,0.8629429936408997,11,Medium (9-11),13,0,0,0,26.640722,28.530497,-1.8897743
633,0.7586117386817932,6,Short (<=8),1,1,1,1,28.861898,27.74787,1.1140289
634,0.8238014578819275,12,Long (12-14),8,0,0,1,27.076143,28.624666,-1.548523
635,0.7563760280609131,11,Medium (9-11),2,0,1,1,27.885454,29.400345,-1.5148907
636,0.7880950570106506,14,Long (12-14),1,1,1,1,29.00075,26.516533,2.4842167
637,0.8485180735588074,6,Short (<=8),20,0,0,0,25.307379,28.13915,-2.8317719
638,0.7054476141929626,13,Long (12-14),1,1,1,1,29.00106,27.817558,1.1835022
639,0.7212944030761719,20,Very Long (>14),5,0,1,1,27.373072,29.284943,-1.911871
640,0.6909854412078857,25,Very Long (>14),8,0,0,1,27.165335,29.96164,-2.7963047
641,0.6743248701095581,18,Very Long (>14),1,1,1,1,33.480515,28.713203,4.767311
642,0.7071514129638672,12,Long (12-14),3,0,1,1,28.992085,32.00905,-3.016964
643,0.5282911062240601,23,Very Long (>14),1,1,1,1,29.843527,29.483206,0.36032104
644,0.8032097816467285,10,Medium (9-11),10,0,0,1,27.01633,30.126274,-3.1099434
645,0.805150032043457,13,Long (12-14),1,1,1,1,28.680397,26.521713,2.1586838
646,0.841764509677887,8,Short (<=8),2,0,1,1,26.715893,26.768974,-0.053081512
647,0.6397107839584351,17,Very Long (>14),1,1,1,1,29.604343,26.710135,2.894209
648,0.8856710195541382,8,Short (<=8),1,1,1,1,28.63581,27.107456,1.5283546
649,0.8670649528503418,6,Short (<=8),1,1,1,1,29.791195,28.826881,0.9643135
650,0.7871521711349487,8,Short (<=8),2,0,1,1,26.602465,27.753275,-1.1508102
651,0.8806781768798828,8,Short (<=8),33,0,0,0,25.539864,26.652277,-1.1124134
652,0.7458600401878357,13,Long (12-14),1,1,1,1,33.216827,29.524248,3.6925793
653,0.6375439763069153,21,Very Long (>14),1,1,1,1,28.03579,26.914257,1.1215324
654,0.7930556535720825,11,Medium (9-11),1,1,1,1,31.022335,28.580072,2.4422626
655,0.7725396156311035,6,Short (<=8),13,0,0,0,24.540108,27.627665,-3.0875568
656,0.865678608417511,7,Short (<=8),1,1,1,1,35.0665,28.763134,6.3033676
657,0.5897963643074036,19,Very Long (>14),2,0,1,1,29.825615,30.288437,-0.46282196
658,0.7815220952033997,10,Medium (9-11),1,1,1,1,29.600378,27.736115,1.8642635
659,0.8717609643936157,8,Short (<=8),5,0,1,1,25.92773,26.614273,-0.6865425
660,0.7804049849510193,9,Medium (9-11),1,1,1,1,30.328644,28.748549,1.5800953
661,0.6418017745018005,17,Very Long (>14),9,0,0,1,25.156382,30.413017,-5.2566357
662,0.7900165915489197,9,Medium (9-11),5,0,1,1,27.867859,29.313522,-1.4456635
663,0.8169679045677185,12,Long (12-14),5,0,1,1,26.482964,26.840622,-0.3576584
664,0.7191083431243896,12,Long (12-14),2,0,1,1,28.049454,28.703466,-0.6540127
665,0.6747536063194275,15,Very Long (>14),3,0,1,1,28.405268,28.697527,-0.29225922
666,0.934855043888092,7,Short (<=8),55,0,0,0,24.895046,26.750288,-1.8552418
667,0.6414093971252441,11,Medium (9-11),1,1,1,1,30.986904,28.635853,2.3510513
668,0.7749861478805542,6,Short (<=8),2,0,1,1,29.47253,29.54739,-0.07485962
669,0.7001358270645142,15,Very Long (>14),1,1,1,1,29.304283,27.349339,1.9549446
670,0.6235566139221191,8,Short (<=8),1,1,1,1,31.208384,25.969976,5.238407
671,0.877410888671875,8,Short (<=8),79,0,0,0,23.251513,28.823727,-5.572214
672,0.6542103290557861,12,Long (12-14),1,1,1,1,34.688263,33.295204,1.3930588
673,0.5074769258499146,19,Very Long (>14),1,1,1,1,30.000738,27.529913,2.4708252
674,0.8561012744903564,7,Short (<=8),5,0,1,1,26.940218,27.283535,-0.34331703
675,0.8170778751373291,13,Long (12-14),12,0,0,0,25.766108,30.139002,-4.3728943
676,0.8501187562942505,9,Medium (9-11),1,1,1,1,29.89524,27.345568,2.549673
677,0.853592038154602,8,Short (<=8),68,0,0,0,23.081415,27.633398,-4.551983
678,0.8004539012908936,12,Long (12-14),2,0,1,1,27.328978,27.615538,-0.28656006
679,0.7295940518379211,11,Medium (9-11),41,0,0,0,20.930943,24.490896,-3.5599537
680,0.6915852427482605,15,Very Long (>14),1,1,1,1,30.38713,26.138899,4.248232
681,0.7833559513092041,12,Long (12-14),1,1,1,1,32.287556,29.796124,2.4914322
682,0.7217608094215393,9,Medium (9-11),1,1,1,1,30.995354,27.84124,3.1541138
683,0.557942807674408,18,Very Long (>14),6,0,0,1,24.31662,25.740358,-1.4237385
684,0.8258052468299866,9,Medium (9-11),2,0,1,1,28.330252,28.924824,-0.59457207
685,0.8612921833992004,8,Short (<=8),4,0,1,1,26.624865,27.047157,-0.4222927
686,0.6197396516799927,22,Very Long (>14),1,1,1,1,32.94429,26.710907,6.233383
687,0.7183131575584412,16,Very Long (>14),2,0,1,1,28.008595,29.22766,-1.2190647
688,0.8994346857070923,6,Short (<=8),20,0,0,0,24.726297,29.668245,-4.941948
689,0.7948492765426636,8,Short (<=8),1,1,1,1,27.744556,23.744604,3.9999523
690,0.7039728164672852,10,Medium (9-11),1,1,1,1,27.864038,27.579351,0.28468704
691,0.7949436902999878,15,Very Long (>14),4,0,1,1,27.504232,28.83509,-1.3308582
692,0.8019848465919495,9,Medium (9-11),34,0,0,0,24.442932,26.73448,-2.2915478
693,0.7053417563438416,12,Long (12-14),4,0,1,1,26.497633,29.16432,-2.666687
694,0.8879519701004028,8,Short (<=8),1,1,1,1,28.64808,28.436739,0.21134186
695,0.6200711727142334,18,Very Long (>14),1,1,1,1,30.32479,27.885904,2.4388847
696,0.5149611234664917,23,Very Long (>14),1,1,1,1,31.191803,28.615662,2.5761414
697,0.5684556365013123,15,Very Long (>14),1,1,1,1,27.151669,26.482206,0.6694622
698,0.828819990158081,13,Long (12-14),1,1,1,1,33.69271,27.396389,6.296322
699,0.7240241765975952,10,Medium (9-11),1,1,1,1,30.592459,28.51231,2.0801487
700,0.7767276763916016,12,Long (12-14),1,1,1,1,30.140594,28.06549,2.0751038
701,0.8433523774147034,13,Long (12-14),2,0,1,1,28.392242,28.490139,-0.097896576
702,0.6634348630905151,11,Medium (9-11),1,1,1,1,35.25632,27.259546,7.9967747
703,0.8155360221862793,11,Medium (9-11),3,0,1,1,28.51659,28.73605,-0.21945953
704,0.769209086894989,9,Medium (9-11),66,0,0,0,21.946136,27.131397,-5.185261
705,0.8409552574157715,8,Short (<=8),2,0,1,1,27.710617,29.25489,-1.5442734
706,0.7811083793640137,7,Short (<=8),1,1,1,1,28.695345,28.003994,0.69135094
707,0.745557427406311,14,Long (12-14),1,1,1,1,34.48005,26.171797,8.308252
708,0.6423489451408386,10,Medium (9-11),3,0,1,1,26.758707,27.71625,-0.9575424
709,0.8681659698486328,11,Medium (9-11),13,0,0,0,25.411098,27.297783,-1.8866844
710,0.7601522207260132,12,Long (12-14),4,0,1,1,27.618,27.97808,-0.36008072
711,0.7126495242118835,16,Very Long (>14),5,0,1,1,25.172552,26.036676,-0.8641243
712,0.8154391050338745,10,Medium (9-11),1,1,1,1,29.970032,29.01802,0.9520111
713,0.8127195239067078,9,Medium (9-11),4,0,1,1,27.948994,29.634153,-1.6851597
714,0.7576578855514526,9,Medium (9-11),2,0,1,1,28.973389,29.462729,-0.48933983
715,0.8053908944129944,16,Very Long (>14),6,0,0,1,27.417881,27.828604,-0.41072273
716,0.804231584072113,13,Long (12-14),6,0,0,1,26.762598,27.853834,-1.0912361
717,0.65970379114151,9,Medium (9-11),11,0,0,0,27.03671,29.55262,-2.5159092
718,0.8569464683532715,9,Medium (9-11),5,0,1,1,27.582561,28.667265,-1.0847034
719,0.7323081493377686,9,Medium (9-11),1,1,1,1,30.291945,30.204874,0.087070465
720,0.7571296691894531,7,Short (<=8),1,1,1,1,32.523453,26.366621,6.1568317
721,0.8065108060836792,6,Short (<=8),3,0,1,1,24.919498,25.731304,-0.8118057
722,0.7012774348258972,15,Very Long (>14),1,1,1,1,29.08457,29.024351,0.06021881
723,0.6906938552856445,13,Long (12-14),5,0,1,1,27.986547,30.184927,-2.1983795
724,0.8682184219360352,9,Medium (9-11),6,0,0,1,28.190035,29.49002,-1.2999859
725,0.7111790776252747,16,Very Long (>14),1,1,1,1,32.057823,29.558605,2.499218
726,0.8145186901092529,10,Medium (9-11),124,0,0,0,21.767498,27.679937,-5.9124393
727,0.6128802299499512,18,Very Long (>14),1,1,1,1,31.664515,29.705847,1.9586678
728,0.7408327460289001,15,Very Long (>14),1,1,1,1,28.751724,28.19764,0.5540848
729,0.7365578413009644,11,Medium (9-11),1,1,1,1,36.004898,30.675919,5.3289795
730,0.7768600583076477,11,Medium (9-11),66,0,0,0,23.22985,28.02,-4.7901497
731,0.867591917514801,8,Short (<=8),2,0,1,1,25.217957,25.851309,-0.6333523
732,0.6599361896514893,12,Long (12-14),1,1,1,1,28.459438,28.247547,0.21189117
733,0.6330670714378357,19,Very Long (>14),20,0,0,0,24.648575,26.581966,-1.9333916
734,0.8884416818618774,11,Medium (9-11),2,0,1,1,26.820206,27.427298,-0.6070919
735,0.6169224977493286,21,Very Long (>14),1,1,1,1,28.03743,24.934422,3.1030083
736,0.6200602650642395,22,Very Long (>14),1,1,1,1,33.245583,27.395761,5.849821
737,0.6142720580101013,26,Very Long (>14),1,1,1,1,28.886932,27.226353,1.6605797
738,0.8041741251945496,13,Long (12-14),4,0,1,1,28.117767,29.142138,-1.0243702
739,0.7553670406341553,13,Long (12-14),2,0,1,1,30.376669,31.250948,-0.874279
740,0.889461874961853,8,Short (<=8),1,1,1,1,29.568981,27.472437,2.0965443
741,0.7263333201408386,14,Long (12-14),1,1,1,1,28.240145,28.069216,0.17092896
742,0.5985124111175537,14,Long (12-14),1,1,1,1,30.349741,26.39245,3.9572906
743,0.6081274747848511,6,Short (<=8),36,0,0,0,23.464697,30.168755,-6.7040577
744,0.8142948150634766,10,Medium (9-11),1,1,1,1,30.787235,28.610054,2.1771812
745,0.7779504656791687,11,Medium (9-11),1,1,1,1,30.051315,27.426544,2.624771
746,0.8105109333992004,8,Short (<=8),6,0,0,1,26.532026,32.062695,-5.5306683
747,0.8128865361213684,7,Short (<=8),1,1,1,1,30.28554,26.996145,3.2893944
748,0.8265619277954102,8,Short (<=8),3,0,1,1,27.011425,28.749979,-1.738554
749,0.7227070927619934,18,Very Long (>14),1,1,1,1,28.164682,25.41216,2.7525215
750,0.7534109950065613,11,Medium (9-11),7,0,0,1,24.639896,26.939482,-2.2995853
751,0.6734038591384888,12,Long (12-14),1,1,1,1,28.31502,28.313267,0.0017528534
752,0.7360352873802185,14,Long (12-14),11,0,0,0,25.652897,27.271322,-1.6184254
753,0.8848382234573364,6,Short (<=8),9,0,0,1,27.751709,29.497034,-1.7453251
754,0.7830992937088013,11,Medium (9-11),1,1,1,1,33.537094,27.936655,5.600439
755,0.7880635857582092,10,Medium (9-11),6,0,0,1,27.484724,28.444904,-0.9601803
756,0.922239363193512,7,Short (<=8),2,0,1,1,26.16491,26.33948,-0.17457008
757,0.5849559307098389,9,Medium (9-11),2,0,1,1,28.538223,30.24034,-1.702116
758,0.7048603892326355,13,Long (12-14),1,1,1,1,29.996622,28.696373,1.3002491
759,0.702316403388977,10,Medium (9-11),4,0,1,1,27.655706,30.290895,-2.635189
760,0.7293341755867004,11,Medium (9-11),1,1,1,1,34.506653,26.054543,8.45211
761,0.8454181551933289,9,Medium (9-11),280,0,0,0,21.966215,27.309185,-5.34297
762,0.8145748376846313,8,Short (<=8),1,1,1,1,32.81684,25.99057,6.826271
763,0.5942343473434448,11,Medium (9-11),3,0,1,1,27.591568,28.013945,-0.42237663
764,0.6464117765426636,17,Very Long (>14),1,1,1,1,29.437304,28.469606,0.96769714
765,0.8738686442375183,7,Short (<=8),1,1,1,1,29.23565,28.86813,0.36751938
766,0.8364741802215576,9,Medium (9-11),1,1,1,1,29.026258,27.548975,1.4772835
767,0.6993779540061951,11,Medium (9-11),3,0,1,1,27.651415,29.45705,-1.8056355
768,0.7196638584136963,17,Very Long (>14),116,0,0,0,21.57628,27.57421,-5.9979286
769,0.7282946705818176,9,Medium (9-11),1,1,1,1,27.399672,25.885408,1.5142632
770,0.8005732893943787,14,Long (12-14),10,0,0,1,27.772573,29.456074,-1.6835003
771,0.7351992130279541,12,Long (12-14),11,0,0,0,25.899542,28.48221,-2.5826683
772,0.7779877185821533,9,Medium (9-11),1,1,1,1,33.05698,30.157366,2.8996143
773,0.6913527250289917,15,Very Long (>14),1,1,1,1,28.953648,27.20128,1.752367
774,0.8853046298027039,9,Medium (9-11),12,0,0,0,25.656233,29.583073,-3.9268398
775,0.858623206615448,13,Long (12-14),1,1,1,1,28.414879,27.588976,0.82590294
776,0.7892435789108276,8,Short (<=8),4,0,1,1,27.048868,28.306665,-1.2577972
777,0.5941287279129028,21,Very Long (>14),1,1,1,1,29.276068,28.521755,0.7543125
778,0.7146552801132202,11,Medium (9-11),63,0,0,0,22.945768,27.903927,-4.9581585
779,0.8447367548942566,15,Very Long (>14),3,0,1,1,29.853046,31.644,-1.7909527
780,0.611373245716095,16,Very Long (>14),1,1,1,1,33.385284,25.87613,7.5091553
781,0.7661480903625488,13,Long (12-14),5,0,1,1,30.080128,30.777815,-0.69768715
782,0.6668193340301514,12,Long (12-14),3,0,1,1,28.139406,30.670565,-2.5311584
783,0.5047550797462463,21,Very Long (>14),1,1,1,1,31.669888,26.466824,5.203064
784,0.5411897897720337,16,Very Long (>14),2,0,1,1,26.44647,27.133286,-0.68681526
785,0.6147890686988831,13,Long (12-14),1,1,1,1,30.906597,28.729332,2.1772652
786,0.8436002135276794,10,Medium (9-11),1,1,1,1,30.59178,27.647459,2.9443207
787,0.592114269733429,13,Long (12-14),3,0,1,1,27.087343,29.768116,-2.6807728
788,0.7673552632331848,14,Long (12-14),4,0,1,1,26.810015,27.571926,-0.7619114
789,0.797990083694458,9,Medium (9-11),4,0,1,1,25.716316,27.69211,-1.9757938
790,0.7606971263885498,10,Medium (9-11),6,0,0,1,24.126394,27.841234,-3.71484
791,0.7832947969436646,10,Medium (9-11),27,0,0,0,24.753069,28.675968,-3.9228992
792,0.709743082523346,11,Medium (9-11),2,0,1,1,30.004946,30.066341,-0.061395645
793,0.8984368443489075,9,Medium (9-11),5,0,1,1,26.099106,27.088982,-0.9898758
794,0.7370507121086121,22,Very Long (>14),1,1,1,1,33.828384,30.25122,3.5771637
795,0.8289792537689209,9,Medium (9-11),11,0,0,0,25.020325,29.540556,-4.5202312
796,0.871971845626831,10,Medium (9-11),9,0,0,1,25.94376,26.781288,-0.8375282
797,0.6036309599876404,15,Very Long (>14),1,1,1,1,29.901228,28.316767,1.5844612
798,0.7533227205276489,8,Short (<=8),34,0,0,0,24.015291,27.926762,-3.9114704
799,0.7774283289909363,13,Long (12-14),2,0,1,1,30.188381,31.793541,-1.6051598
800,0.6475855112075806,9,Medium (9-11),1,1,1,1,30.828342,28.633001,2.195341
801,0.8001931309700012,8,Short (<=8),20,0,0,0,24.767096,28.308905,-3.541809
802,0.6218346953392029,25,Very Long (>14),8,0,0,1,25.74705,28.240091,-2.493042
803,0.8627593517303467,7,Short (<=8),581,0,0,0,22.430954,24.947363,-2.516409
804,0.8549137115478516,10,Medium (9-11),11,0,0,0,23.7103,26.198277,-2.487976
805,0.7420455813407898,12,Long (12-14),6,0,0,1,26.729244,28.02559,-1.2963467
806,0.7203012704849243,10,Medium (9-11),1,1,1,1,30.089375,28.6322,1.4571743
807,0.7346319556236267,13,Long (12-14),1,1,1,1,29.287518,28.782883,0.50463486
808,0.5980496406555176,15,Very Long (>14),1,1,1,1,27.55754,26.014725,1.5428162
809,0.7316307425498962,14,Long (12-14),89,0,0,0,22.30936,29.034578,-6.725218
810,0.8402002453804016,8,Short (<=8),7,0,0,1,27.536312,28.553259,-1.0169468
811,0.8706121444702148,8,Short (<=8),3,0,1,1,25.411097,26.618683,-1.2075863
812,0.5319132208824158,21,Very Long (>14),1,1,1,1,29.904932,27.295753,2.6091785
813,0.7452000975608826,20,Very Long (>14),1,1,1,1,29.77911,29.176123,0.6029873
814,0.7135926485061646,10,Medium (9-11),3,0,1,1,26.08301,27.21484,-1.1318302
815,0.9081910848617554,9,Medium (9-11),14,0,0,0,25.073713,27.900282,-2.8265686
816,0.8895025253295898,11,Medium (9-11),13,0,0,0,26.426214,27.278345,-0.8521309
817,0.795854926109314,9,Medium (9-11),3,0,1,1,27.087078,28.671179,-1.5841007
818,0.7216419577598572,10,Medium (9-11),1,1,1,1,39.96267,27.383799,12.578871
819,0.5988004803657532,25,Very Long (>14),1,1,1,1,33.226624,27.392149,5.8344746
820,0.6630812287330627,13,Long (12-14),35,0,0,0,24.813015,28.175903,-3.3628883
821,0.800750732421875,6,Short (<=8),35,0,0,0,24.76075,26.685883,-1.9251328
822,0.7458823919296265,11,Medium (9-11),2,0,1,1,30.011284,30.38026,-0.3689766
823,0.6131449341773987,13,Long (12-14),1,1,1,1,31.303125,26.428562,4.874563
824,0.6177924275398254,23,Very Long (>14),1,1,1,1,29.310883,26.785055,2.5258274
825,0.5824944376945496,13,Long (12-14),7,0,0,1,27.113008,28.676992,-1.5639839
826,0.769262969493866,10,Medium (9-11),9,0,0,1,26.945889,29.3428,-2.3969116
827,0.7559272050857544,14,Long (12-14),1,1,1,1,27.822334,27.055922,0.76641273
828,0.7792413830757141,11,Medium (9-11),1,1,1,1,30.563784,28.556644,2.0071392
829,0.6989457011222839,10,Medium (9-11),2,0,1,1,28.682178,29.420746,-0.73856735
830,0.7697383165359497,10,Medium (9-11),1,1,1,1,29.01073,28.687572,0.32315826
831,0.8626478314399719,7,Short (<=8),9,0,0,1,25.791311,28.244066,-2.452755
832,0.7627624273300171,9,Medium (9-11),1,1,1,1,27.437431,27.257284,0.18014717
833,0.6151338815689087,11,Medium (9-11),1,1,1,1,29.31668,27.40319,1.9134903
834,0.7802092432975769,8,Short (<=8),39,0,0,0,24.124617,27.62162,-3.4970036
835,0.8432374596595764,8,Short (<=8),14,0,0,0,25.565699,27.470917,-1.9052181
836,0.5536314249038696,24,Very Long (>14),1,1,1,1,32.7387,28.882704,3.855997
837,0.8080474734306335,8,Short (<=8),2,0,1,1,28.262526,28.617092,-0.35456657
838,0.5078691840171814,12,Long (12-14),1,1,1,1,30.711872,29.990486,0.72138596
839,0.8600766062736511,11,Medium (9-11),2,0,1,1,29.21959,30.13649,-0.91690063
840,0.7863600850105286,17,Very Long (>14),2,0,1,1,26.499832,27.604929,-1.1050968
841,0.6933587789535522,16,Very Long (>14),1,1,1,1,32.45807,31.347233,1.110836
842,0.8654672503471375,6,Short (<=8),4,0,1,1,27.069954,29.529112,-2.459158
843,0.6084840297698975,17,Very Long (>14),1,1,1,1,32.97259,25.347897,7.624695
844,0.7899059653282166,10,Medium (9-11),12,0,0,0,26.091492,27.290096,-1.1986046
845,0.7346588373184204,12,Long (12-14),6,0,0,1,25.381252,27.509611,-2.1283588
846,0.6469164490699768,16,Very Long (>14),1,1,1,1,30.000141,29.599518,0.40062332
847,0.8601693511009216,7,Short (<=8),2,0,1,1,27.549904,27.822527,-0.27262306
848,0.7166128754615784,7,Short (<=8),1,1,1,1,33.895718,28.702396,5.193321
849,0.7845268249511719,10,Medium (9-11),2,0,1,1,29.969347,30.801355,-0.83200836
850,0.6790515780448914,28,Very Long (>14),1,1,1,1,33.16895,29.159996,4.008953
851,0.8463602066040039,8,Short (<=8),1,1,1,1,28.620466,26.873455,1.7470112
852,0.6038446426391602,12,Long (12-14),1,1,1,1,29.966255,28.546923,1.4193325
853,0.8221235871315002,10,Medium (9-11),23,0,0,0,25.672522,26.850986,-1.1784649
854,0.8433389663696289,6,Short (<=8),3,0,1,1,27.827856,29.837326,-2.00947
855,0.8292859196662903,10,Medium (9-11),103,0,0,0,23.208061,28.37719,-5.1691284
856,0.7802038192749023,6,Short (<=8),1,1,1,1,29.957762,27.931135,2.0266266
857,0.834099531173706,10,Medium (9-11),1,1,1,1,32.22547,32.16259,0.06288147
858,0.8667024374008179,6,Short (<=8),1,1,1,1,29.58942,29.07602,0.51340103
859,0.6558631658554077,17,Very Long (>14),18,0,0,0,26.169544,28.113695,-1.9441509
860,0.8812704086303711,7,Short (<=8),2,0,1,1,26.733368,27.310171,-0.5768032
861,0.7782009840011597,9,Medium (9-11),77,0,0,0,22.249884,27.154966,-4.9050827
862,0.798595130443573,10,Medium (9-11),2,0,1,1,27.400702,27.87075,-0.4700489
863,0.5913216471672058,10,Medium (9-11),1,1,1,1,30.496824,28.715914,1.7809105
864,0.6202117204666138,15,Very Long (>14),2,0,1,1,31.237537,31.466848,-0.22931099
865,0.6617282629013062,13,Long (12-14),3,0,1,1,25.727676,26.711004,-0.98332787
866,0.6612707376480103,14,Long (12-14),1,1,1,1,28.140396,25.39767,2.7427254
867,0.5304715037345886,19,Very Long (>14),3,0,1,1,27.162487,27.76101,-0.5985222
868,0.7964706420898438,8,Short (<=8),1,1,1,1,28.831566,27.54728,1.2842865
869,0.6233037114143372,11,Medium (9-11),22,0,0,0,24.93991,26.478333,-1.5384216
870,0.8465255498886108,9,Medium (9-11),34,0,0,0,24.864428,28.246275,-3.3818474
871,0.9185368418693542,7,Short (<=8),11,0,0,0,24.500288,28.43862,-3.9383316
872,0.8077417016029358,8,Short (<=8),1,1,1,1,27.88647,27.781973,0.10449791
873,0.748755156993866,10,Medium (9-11),4,0,1,1,29.249985,32.513752,-3.2637672
874,0.6204702258110046,19,Very Long (>14),1,1,1,1,30.154705,27.926476,2.2282295
875,0.5811522603034973,14,Long (12-14),3,0,1,1,27.64423,28.055359,-0.411129
876,0.8584803938865662,7,Short (<=8),5,0,1,1,27.886799,29.926659,-2.0398598
877,0.8377364873886108,8,Short (<=8),17,0,0,0,26.506567,29.81853,-3.3119621
878,0.7301784157752991,16,Very Long (>14),3,0,1,1,30.444735,31.61689,-1.1721554
879,0.8079872131347656,13,Long (12-14),1,1,1,1,28.938162,28.092457,0.84570503
880,0.5210062265396118,12,Long (12-14),4,0,1,1,26.651833,29.523808,-2.871975
881,0.7045090198516846,10,Medium (9-11),3,0,1,1,25.662401,30.866627,-5.2042255
882,0.7815049290657043,8,Short (<=8),1,1,1,1,29.669434,26.337708,3.331726
883,0.7569527626037598,8,Short (<=8),1,1,1,1,26.630274,26.486313,0.14396095
884,0.8673558235168457,11,Medium (9-11),94,0,0,0,21.382254,29.070753,-7.6884995
885,0.8343461751937866,10,Medium (9-11),85,0,0,0,22.75649,28.533316,-5.776825
886,0.8447721600532532,11,Medium (9-11),10,0,0,1,24.242311,26.47101,-2.2286987
887,0.8050987720489502,12,Long (12-14),1,1,1,1,27.236065,27.04981,0.1862545
888,0.8230546712875366,11,Medium (9-11),1,1,1,1,29.015362,26.997412,2.01795
889,0.6278653144836426,20,Very Long (>14),1,1,1,1,32.968803,27.150906,5.817898
890,0.8847907185554504,11,Medium (9-11),1,1,1,1,28.279188,27.923399,0.35578918
891,0.7276784181594849,11,Medium (9-11),1,1,1,1,30.650537,29.492327,1.1582108
892,0.769038736820221,12,Long (12-14),10,0,0,1,25.705921,28.456902,-2.7509804
893,0.7228965759277344,23,Very Long (>14),2,0,1,1,26.04841,26.8681,-0.8196888
894,0.8843451142311096,9,Medium (9-11),33,0,0,0,24.90885,26.781086,-1.8722363
895,0.6311162114143372,10,Medium (9-11),1,1,1,1,31.944841,25.217863,6.7269783
896,0.8080431818962097,10,Medium (9-11),1,1,1,1,29.647469,28.910542,0.73692703
897,0.7748713493347168,11,Medium (9-11),1,1,1,1,33.73764,25.287687,8.449953
898,0.7750179767608643,10,Medium (9-11),7,0,0,1,25.077265,28.551287,-3.474022
899,0.46488291025161743,17,Very Long (>14),1,1,1,1,32.69598,28.044456,4.6515236
900,0.45275378227233887,17,Very Long (>14),2,0,1,1,29.429188,31.213982,-1.7847939
901,0.7333038449287415,12,Long (12-14),1,1,1,1,28.22752,28.163273,0.06424713
902,0.7878212928771973,13,Long (12-14),1,1,1,1,29.333656,27.936697,1.3969593
903,0.6640290021896362,17,Very Long (>14),1,1,1,1,28.395643,28.376478,0.019165039
904,0.6723669767379761,10,Medium (9-11),1,1,1,1,29.512018,28.293674,1.2183437
905,0.81559818983078,10,Medium (9-11),61,0,0,0,23.865658,27.054209,-3.188551
906,0.749067485332489,10,Medium (9-11),1,1,1,1,28.426546,28.424894,0.0016517639
907,0.7459641098976135,12,Long (12-14),1,1,1,1,28.838528,27.912018,0.92650986
908,0.6092869639396667,20,Very Long (>14),2,0,1,1,27.532042,29.505861,-1.9738197
909,0.6236632466316223,13,Long (12-14),1,1,1,1,33.203423,28.120699,5.0827236
910,0.7638952732086182,11,Medium (9-11),1,1,1,1,30.426804,26.874945,3.551859
911,0.8138207793235779,14,Long (12-14),1,1,1,1,27.72681,26.927448,0.7993622
912,0.715247631072998,9,Medium (9-11),2,0,1,1,28.66584,29.710957,-1.0451164
913,0.5354567170143127,16,Very Long (>14),1,1,1,1,28.635687,27.592558,1.043129
914,0.8595407605171204,7,Short (<=8),2,0,1,1,28.41233,28.816381,-0.40405083
915,0.5517776608467102,18,Very Long (>14),1,1,1,1,31.03207,27.180382,3.8516884
916,0.786396324634552,8,Short (<=8),1,1,1,1,29.865885,27.51399,2.3518944
917,0.818399965763092,10,Medium (9-11),3,0,1,1,27.85728,29.930702,-2.0734215
918,0.8376133441925049,12,Long (12-14),1,1,1,1,30.433836,26.108599,4.3252373
919,0.819878876209259,8,Short (<=8),3,0,1,1,28.20582,29.26839,-1.0625706
920,0.688586950302124,9,Medium (9-11),13,0,0,0,26.795992,28.584362,-1.7883701
921,0.6209895014762878,18,Very Long (>14),1,1,1,1,29.01942,25.855675,3.1637459
922,0.5051747560501099,24,Very Long (>14),1,1,1,1,37.153633,25.560268,11.593365
923,0.6750394105911255,9,Medium (9-11),4,0,1,1,25.76418,29.257261,-3.493082
924,0.83338862657547,8,Short (<=8),2,0,1,1,27.49896,28.381765,-0.8828049
925,0.8943778872489929,6,Short (<=8),4,0,1,1,28.035563,29.118263,-1.0827007
926,0.8533478379249573,8,Short (<=8),1,1,1,1,28.326584,27.315065,1.0115185
927,0.8221353888511658,10,Medium (9-11),18,0,0,0,25.078524,28.984028,-3.9055042
928,0.8666365742683411,11,Medium (9-11),1,1,1,1,26.87605,26.855104,0.020946503
929,0.8961690664291382,8,Short (<=8),106,0,0,0,22.943705,26.806698,-3.8629932
930,0.7266658544540405,8,Short (<=8),2,0,1,1,31.559198,31.802841,-0.2436428
931,0.45440229773521423,11,Medium (9-11),1,1,1,1,30.558792,29.650133,0.908659
932,0.8009287714958191,11,Medium (9-11),8,0,0,1,27.090437,28.286657,-1.1962204
933,0.855221152305603,9,Medium (9-11),1,1,1,1,32.81403,32.452084,0.3619461
934,0.7189063429832458,16,Very Long (>14),1,1,1,1,31.326025,27.880854,3.4451714
935,0.7527956962585449,9,Medium (9-11),8,0,0,1,24.856125,26.703232,-1.8471069
936,0.6527620553970337,11,Medium (9-11),12,0,0,0,26.187298,28.03717,-1.8498726
937,0.6309497952461243,16,Very Long (>14),1,1,1,1,28.789028,26.098263,2.6907654
938,0.7131933569908142,7,Short (<=8),2,0,1,1,30.085268,30.434162,-0.34889412
939,0.7844705581665039,10,Medium (9-11),1,1,1,1,30.153788,28.722555,1.4312325
940,0.8214601874351501,14,Long (12-14),9,0,0,1,25.821033,27.898636,-2.0776024
941,0.6784085631370544,7,Short (<=8),1,1,1,1,31.05377,29.261906,1.7918644
942,0.7289401888847351,6,Short (<=8),3,0,1,1,28.278116,30.336025,-2.057909
943,0.6792007088661194,25,Very Long (>14),1,1,1,1,33.491276,28.654945,4.8363304
944,0.6856988668441772,20,Very Long (>14),5,0,1,1,27.058447,28.850758,-1.7923107
945,0.8627593517303467,7,Short (<=8),97,0,0,0,23.847767,24.947363,-1.099596
946,0.7574693560600281,11,Medium (9-11),15,0,0,0,25.096924,27.29614,-2.1992168
947,0.6427303552627563,11,Medium (9-11),1,1,1,1,32.630665,32.009983,0.62068176
948,0.9054224491119385,9,Medium (9-11),14,0,0,0,26.158077,26.755095,-0.5970173
949,0.7516976594924927,9,Medium (9-11),1,1,1,1,28.936573,28.157854,0.77871895
950,0.837473452091217,7,Short (<=8),6,0,0,1,29.713917,30.741743,-1.0278263
951,0.8043700456619263,9,Medium (9-11),15,0,0,0,27.178064,29.271162,-2.0930977
952,0.7882044315338135,9,Medium (9-11),1,1,1,1,31.21897,31.032547,0.18642235
953,0.7937637567520142,8,Short (<=8),5,0,1,1,27.79125,30.216248,-2.4249973
954,0.8146584630012512,16,Very Long (>14),59,0,0,0,23.061945,28.250933,-5.1889877
955,0.8268749117851257,6,Short (<=8),13,0,0,0,25.49607,28.035664,-2.5395927
956,0.7422486543655396,8,Short (<=8),1,1,1,1,27.61399,24.775475,2.8385162
957,0.7148119211196899,6,Short (<=8),1,1,1,1,29.594744,28.190458,1.4042854
958,0.7549007534980774,12,Long (12-14),1,1,1,1,27.805603,27.218067,0.58753586
959,0.7899402976036072,15,Very Long (>14),3,0,1,1,28.420797,29.514307,-1.0935097
960,0.900772750377655,8,Short (<=8),7,0,0,1,26.199198,30.170471,-3.9712734
961,0.7542707324028015,12,Long (12-14),4,0,1,1,27.351254,28.495562,-1.1443081
962,0.8363038301467896,8,Short (<=8),1,1,1,1,31.882168,24.078396,7.803772
963,0.6772022247314453,11,Medium (9-11),1,1,1,1,35.462914,26.032156,9.4307575
964,0.7569242119789124,15,Very Long (>14),1,1,1,1,30.306187,28.520134,1.7860527
965,0.7169969081878662,7,Short (<=8),8,0,0,1,27.461975,29.151964,-1.6899891
966,0.8687702417373657,9,Medium (9-11),1,1,1,1,28.847672,27.41223,1.435442
967,0.7994811534881592,16,Very Long (>14),2,0,1,1,30.183147,31.46071,-1.2775631
968,0.5735483765602112,20,Very Long (>14),6,0,0,1,25.137592,27.50482,-2.3672276
969,0.7014711499214172,7,Short (<=8),1,1,1,1,28.758532,28.66844,0.090091705
970,0.7287688851356506,14,Long (12-14),1,1,1,1,30.267668,29.708448,0.55921936
971,0.5842338800430298,10,Medium (9-11),1,1,1,1,30.901825,25.278122,5.623703
972,0.6429750323295593,13,Long (12-14),1,1,1,1,32.366062,25.964134,6.401928
973,0.7673470377922058,15,Very Long (>14),2,0,1,1,27.610672,27.723816,-0.11314392
974,0.721425473690033,12,Long (12-14),5,0,1,1,26.73946,27.587027,-0.8475666
975,0.787807047367096,11,Medium (9-11),3,0,1,1,27.987041,28.585058,-0.59801674
976,0.7756837606430054,11,Medium (9-11),14,0,0,0,23.94974,27.481764,-3.5320244
977,0.7730852961540222,11,Medium (9-11),1,1,1,1,34.821827,28.347206,6.474621
978,0.5324129462242126,19,Very Long (>14),1,1,1,1,32.969242,27.604366,5.364876
979,0.6028697490692139,10,Medium (9-11),1,1,1,1,28.699434,27.904696,0.79473877
980,0.8738790154457092,9,Medium (9-11),66,0,0,0,22.955667,28.75897,-5.803303
981,0.7796885967254639,17,Very Long (>14),2,0,1,1,27.96418,28.907701,-0.9435215
982,0.8732671141624451,7,Short (<=8),7,0,0,1,27.433407,28.975737,-1.5423298
983,0.851261556148529,7,Short (<=8),3,0,1,1,27.59817,28.463018,-0.8648491
984,0.7373793721199036,11,Medium (9-11),38,0,0,0,23.463833,25.998116,-2.5342827
985,0.7610116600990295,12,Long (12-14),6,0,0,1,26.344788,28.407925,-2.063137
986,0.5897124409675598,22,Very Long (>14),1,1,1,1,30.778194,28.182257,2.5959377
987,0.7843490839004517,10,Medium (9-11),11,0,0,0,26.225767,27.873247,-1.64748
988,0.6646329164505005,10,Medium (9-11),1,1,1,1,40.408237,27.494366,12.913872
989,0.5534453988075256,13,Long (12-14),2,0,1,1,27.643467,28.554201,-0.9107342
990,0.7994571328163147,14,Long (12-14),9,0,0,1,24.076887,26.358578,-2.2816906
991,0.6893818378448486,14,Long (12-14),1,1,1,1,29.864866,29.328442,0.53642464
992,0.699974536895752,9,Medium (9-11),1,1,1,1,25.911545,24.918373,0.9931717
993,0.5115320682525635,12,Long (12-14),1,1,1,1,28.701687,23.82995,4.8717365
994,0.7697444558143616,15,Very Long (>14),1,1,1,1,28.792685,27.441221,1.3514633
995,0.849065899848938,8,Short (<=8),20,0,0,0,25.6734,27.83841,-2.1650085
996,0.7557060718536377,9,Medium (9-11),140,0,0,0,23.082687,26.399708,-3.3170204
997,0.8276306986808777,8,Short (<=8),1,1,1,1,30.503923,30.365318,0.13860512
998,0.7841539978981018,14,Long (12-14),579,0,0,0,16.357714,30.061674,-13.70396
999,0.7405731081962585,11,Medium (9-11),35,0,0,0,22.947866,27.121246,-4.17338
